{"count":56,"results":[{"id":6,"user_id":1,"team_id":2,"name":"Hint 5","description":"Hint for Phonic Anomoly","date":"2023-07-01T11:24:37.712812","value":-1000,"category":"hints","icon":null,"requirements":null,"type":"standard"},{"id":7,"user_id":1,"team_id":2,"name":"Hint 10","description":"Hint for Phonic Anomoly","date":"2023-07-01T12:57:46.023447","value":-500,"category":"hints","icon":null,"requirements":null,"type":"standard"},{"id":8,"user_id":1,"team_id":2,"name":"Hint 9","description":"Hint for Phonic Anomoly","date":"2023-07-01T12:57:56.391308","value":-500,"category":"hints","icon":null,"requirements":null,"type":"standard"},{"id":9,"user_id":41,"team_id":27,"name":"Hint 21","description":"Hint for Scrambled Eggs","date":"2023-07-20T04:02:12.280080","value":-500,"category":"hints","icon":null,"requirements":null,"type":"standard"},{"id":10,"user_id":66,"team_id":35,"name":"Hint 30","description":"Hint for Crypto Zoo","date":"2023-07-20T05:22:42.205702","value":-500,"category":"hints","icon":null,"requirements":null,"type":"standard"},{"id":11,"user_id":41,"team_id":27,"name":"Hint 28","description":"Hint for Banksy","date":"2023-07-20T05:39:44.136184","value":-500,"category":"hints","icon":null,"requirements":null,"type":"standard"},{"id":12,"user_id":41,"team_id":27,"name":"Hint 29","description":"Hint for Banksy","date":"2023-07-20T05:39:56.254367","value":-500,"category":"hints","icon":null,"requirements":null,"type":"standard"},{"id":13,"user_id":41,"team_id":27,"name":"Hint 22","description":"Hint for Death Star","date":"2023-07-20T06:21:54.787241","value":-500,"category":"hints","icon":null,"requirements":null,"type":"standard"},{"id":14,"user_id":62,"team_id":34,"name":"Hint 4","description":"Hint for Bomb","date":"2023-07-20T07:36:07.132345","value":-400,"category":"hints","icon":null,"requirements":null,"type":"standard"},{"id":15,"user_id":41,"team_id":27,"name":"Hint 25","description":"Hint for HelicopterrHelicopterr","date":"2023-07-20T08:37:54.065642","value":-500,"category":"hints","icon":null,"requirements":null,"type":"standard"},{"id":16,"user_id":41,"team_id":27,"name":"Hint 26","description":"Hint for HelicopterrHelicopterr","date":"2023-07-20T08:37:59.093678","value":-500,"category":"hints","icon":null,"requirements":null,"type":"standard"},{"id":17,"user_id":41,"team_id":27,"name":"Hint 27","description":"Hint for HelicopterrHelicopterr","date":"2023-07-20T08:38:05.127920","value":-500,"category":"hints","icon":null,"requirements":null,"type":"standard"},{"id":18,"user_id":94,"team_id":52,"name":"Hint 30","description":"Hint for Crypto Zoo","date":"2023-07-20T08:53:48.914718","value":-500,"category":"hints","icon":null,"requirements":null,"type":"standard"},{"id":19,"user_id":94,"team_id":52,"name":"Hint 25","description":"Hint for HelicopterrHelicopterr","date":"2023-07-20T08:54:03.874538","value":-500,"category":"hints","icon":null,"requirements":null,"type":"standard"},{"id":20,"user_id":94,"team_id":52,"name":"Hint 26","description":"Hint for HelicopterrHelicopterr","date":"2023-07-20T08:54:59.671371","value":-500,"category":"hints","icon":null,"requirements":null,"type":"standard"},{"id":21,"user_id":94,"team_id":52,"name":"Hint 27","description":"Hint for HelicopterrHelicopterr","date":"2023-07-20T08:55:04.801379","value":-500,"category":"hints","icon":null,"requirements":null,"type":"standard"},{"id":22,"user_id":41,"team_id":27,"name":"Hint 30","description":"Hint for Crypto Zoo","date":"2023-07-20T09:16:43.315026","value":-500,"category":"hints","icon":null,"requirements":null,"type":"standard"},{"id":23,"user_id":41,"team_id":27,"name":"Hint 5","description":"Hint for Radio Head","date":"2023-07-20T09:27:56.402152","value":-500,"category":"hints","icon":null,"requirements":null,"type":"standard"},{"id":24,"user_id":94,"team_id":52,"name":"Hint 5","description":"Hint for Radio Head","date":"2023-07-20T09:29:06.307461","value":-500,"category":"hints","icon":null,"requirements":null,"type":"standard"},{"id":25,"user_id":94,"team_id":52,"name":"Hint 9","description":"Hint for Radio Head","date":"2023-07-20T09:29:12.236947","value":-500,"category":"hints","icon":null,"requirements":null,"type":"standard"},{"id":26,"user_id":41,"team_id":27,"name":"Hint 9","description":"Hint for Radio Head","date":"2023-07-20T09:29:14.218576","value":-500,"category":"hints","icon":null,"requirements":null,"type":"standard"},{"id":27,"user_id":41,"team_id":27,"name":"Hint 18","description":"Hint for Black Box","date":"2023-07-20T09:29:39.718256","value":-500,"category":"hints","icon":null,"requirements":null,"type":"standard"},{"id":28,"user_id":41,"team_id":27,"name":"Hint 13","description":"Hint for Area 51","date":"2023-07-20T09:52:20.294502","value":-500,"category":"hints","icon":null,"requirements":null,"type":"standard"},{"id":29,"user_id":41,"team_id":27,"name":"Hint 15","description":"Hint for Area 51","date":"2023-07-20T09:52:34.181176","value":-500,"category":"hints","icon":null,"requirements":null,"type":"standard"},{"id":30,"user_id":41,"team_id":27,"name":"Hint 12","description":"Hint for Long Base","date":"2023-07-20T10:02:09.468760","value":-500,"category":"hints","icon":null,"requirements":null,"type":"standard"},{"id":31,"user_id":41,"team_id":27,"name":"Hint 19","description":"Hint for Black Box","date":"2023-07-20T11:14:06.688052","value":-500,"category":"hints","icon":null,"requirements":null,"type":"standard"},{"id":32,"user_id":95,"team_id":53,"name":"Hint 13","description":"Hint for Area 51","date":"2023-07-20T11:37:25.148823","value":-500,"category":"hints","icon":null,"requirements":null,"type":"standard"},{"id":33,"user_id":95,"team_id":53,"name":"Hint 15","description":"Hint for Area 51","date":"2023-07-20T11:37:28.073410","value":-500,"category":"hints","icon":null,"requirements":null,"type":"standard"},{"id":34,"user_id":95,"team_id":53,"name":"Hint 17","description":"Hint for Area 51","date":"2023-07-20T11:37:34.008113","value":-500,"category":"hints","icon":null,"requirements":null,"type":"standard"},{"id":35,"user_id":95,"team_id":53,"name":"Hint 21","description":"Hint for Scrambled Eggs","date":"2023-07-20T11:37:59.923798","value":-500,"category":"hints","icon":null,"requirements":null,"type":"standard"},{"id":36,"user_id":41,"team_id":27,"name":"Hint 17","description":"Hint for Area 51","date":"2023-07-20T11:45:07.816633","value":-500,"category":"hints","icon":null,"requirements":null,"type":"standard"},{"id":37,"user_id":41,"team_id":27,"name":"Hint 31","description":"Hint for Macro Shot","date":"2023-07-20T11:59:46.936921","value":-500,"category":"hints","icon":null,"requirements":null,"type":"standard"},{"id":38,"user_id":50,"team_id":38,"name":"Hint 11","description":"Hint for Reverse Me","date":"2023-07-20T13:13:31.466742","value":-500,"category":"hints","icon":null,"requirements":null,"type":"standard"},{"id":39,"user_id":50,"team_id":38,"name":"Hint 6","description":"Hint for Base HEx","date":"2023-07-20T13:13:59.264998","value":-500,"category":"hints","icon":null,"requirements":null,"type":"standard"},{"id":40,"user_id":50,"team_id":38,"name":"Hint 7","description":"Hint for Base HEx","date":"2023-07-20T13:14:17.378758","value":-500,"category":"hints","icon":null,"requirements":null,"type":"standard"},{"id":41,"user_id":50,"team_id":38,"name":"Hint 8","description":"Hint for Base HEx","date":"2023-07-20T13:14:33.319274","value":-500,"category":"hints","icon":null,"requirements":null,"type":"standard"},{"id":42,"user_id":74,"team_id":37,"name":"Hint 6","description":"Hint for Base HEx","date":"2023-07-20T13:16:04.254986","value":-500,"category":"hints","icon":null,"requirements":null,"type":"standard"},{"id":43,"user_id":74,"team_id":37,"name":"Hint 7","description":"Hint for Base HEx","date":"2023-07-20T13:16:56.302260","value":-500,"category":"hints","icon":null,"requirements":null,"type":"standard"},{"id":44,"user_id":74,"team_id":37,"name":"Hint 8","description":"Hint for Base HEx","date":"2023-07-20T13:17:37.206433","value":-500,"category":"hints","icon":null,"requirements":null,"type":"standard"},{"id":45,"user_id":41,"team_id":27,"name":"Hint 32","description":"Hint for Macro Shot","date":"2023-07-20T14:44:49.849709","value":-500,"category":"hints","icon":null,"requirements":null,"type":"standard"},{"id":46,"user_id":97,"team_id":55,"name":"Hint 12","description":"Hint for Long Base","date":"2023-07-20T14:50:28.612559","value":-500,"category":"hints","icon":null,"requirements":null,"type":"standard"},{"id":47,"user_id":97,"team_id":55,"name":"Hint 6","description":"Hint for Base HEx","date":"2023-07-20T14:58:05.852498","value":-500,"category":"hints","icon":null,"requirements":null,"type":"standard"},{"id":48,"user_id":97,"team_id":55,"name":"Hint 7","description":"Hint for Base HEx","date":"2023-07-20T14:58:26.881313","value":-500,"category":"hints","icon":null,"requirements":null,"type":"standard"},{"id":49,"user_id":97,"team_id":55,"name":"Hint 8","description":"Hint for Base HEx","date":"2023-07-20T14:58:38.077925","value":-500,"category":"hints","icon":null,"requirements":null,"type":"standard"},{"id":50,"user_id":97,"team_id":55,"name":"Hint 13","description":"Hint for Area 51","date":"2023-07-20T15:07:08.349078","value":-500,"category":"hints","icon":null,"requirements":null,"type":"standard"},{"id":51,"user_id":97,"team_id":55,"name":"Hint 15","description":"Hint for Area 51","date":"2023-07-20T15:07:14.520844","value":-500,"category":"hints","icon":null,"requirements":null,"type":"standard"},{"id":52,"user_id":97,"team_id":55,"name":"Hint 17","description":"Hint for Area 51","date":"2023-07-20T15:08:08.732730","value":-500,"category":"hints","icon":null,"requirements":null,"type":"standard"},{"id":53,"user_id":97,"team_id":55,"name":"Hint 21","description":"Hint for Scrambled Eggs","date":"2023-07-20T15:11:53.579324","value":-500,"category":"hints","icon":null,"requirements":null,"type":"standard"},{"id":54,"user_id":97,"team_id":55,"name":"Hint 28","description":"Hint for Banksy","date":"2023-07-20T15:12:11.183935","value":-500,"category":"hints","icon":null,"requirements":null,"type":"standard"},{"id":55,"user_id":97,"team_id":55,"name":"Hint 29","description":"Hint for Banksy","date":"2023-07-20T15:12:27.984604","value":-500,"category":"hints","icon":null,"requirements":null,"type":"standard"},{"id":56,"user_id":41,"team_id":27,"name":"Hint 6","description":"Hint for Base HEx","date":"2023-07-20T15:53:15.994476","value":-500,"category":"hints","icon":null,"requirements":null,"type":"standard"},{"id":57,"user_id":41,"team_id":27,"name":"Hint 7","description":"Hint for Base HEx","date":"2023-07-20T15:53:20.997716","value":-500,"category":"hints","icon":null,"requirements":null,"type":"standard"},{"id":58,"user_id":41,"team_id":27,"name":"Hint 8","description":"Hint for Base HEx","date":"2023-07-20T16:18:56.411878","value":-500,"category":"hints","icon":null,"requirements":null,"type":"standard"},{"id":59,"user_id":68,"team_id":35,"name":"Hint 11","description":"Hint for Reverse Me","date":"2023-07-21T02:04:16.314864","value":-500,"category":"hints","icon":null,"requirements":null,"type":"standard"},{"id":60,"user_id":36,"team_id":23,"name":"Hint 3","description":"Hint for Robots","date":"2023-07-22T17:49:27.346208","value":-500,"category":"hints","icon":null,"requirements":null,"type":"standard"},{"id":61,"user_id":36,"team_id":23,"name":"Hint 2","description":"Hint for Never Gonna Give You Up","date":"2023-07-22T17:56:34.649037","value":-500,"category":"hints","icon":null,"requirements":null,"type":"standard"}],"meta":{}}