{"count":80,"results":[{"id":1,"type":"user","value":"+9779810384095","field_id":1,"user_id":23,"team_id":null},{"id":2,"type":"user","value":"9869804634","field_id":1,"user_id":24,"team_id":null},{"id":3,"type":"user","value":"9864837955","field_id":1,"user_id":25,"team_id":null},{"id":4,"type":"user","value":"9840379472","field_id":1,"user_id":26,"team_id":null},{"id":5,"type":"user","value":"9861282601","field_id":1,"user_id":27,"team_id":null},{"id":6,"type":"user","value":"9814374864","field_id":1,"user_id":28,"team_id":null},{"id":7,"type":"user","value":"+977-9866000514","field_id":1,"user_id":29,"team_id":null},{"id":8,"type":"user","value":"9818506752","field_id":1,"user_id":1,"team_id":null},{"id":9,"type":"user","value":"9828899953","field_id":1,"user_id":30,"team_id":null},{"id":10,"type":"user","value":"9828899953","field_id":1,"user_id":31,"team_id":null},{"id":11,"type":"user","value":"9840015278","field_id":1,"user_id":32,"team_id":null},{"id":12,"type":"user","value":"9860701879","field_id":1,"user_id":33,"team_id":null},{"id":13,"type":"user","value":"9866003034","field_id":1,"user_id":34,"team_id":null},{"id":14,"type":"user","value":"9840995171","field_id":1,"user_id":35,"team_id":null},{"id":15,"type":"user","value":"9867718913","field_id":1,"user_id":36,"team_id":null},{"id":16,"type":"user","value":"9861606066","field_id":1,"user_id":37,"team_id":null},{"id":17,"type":"user","value":"9810099294","field_id":1,"user_id":38,"team_id":null},{"id":18,"type":"user","value":"9840743628","field_id":1,"user_id":39,"team_id":null},{"id":19,"type":"user","value":"+9779841723289","field_id":1,"user_id":40,"team_id":null},{"id":20,"type":"user","value":"9861496352","field_id":1,"user_id":41,"team_id":null},{"id":21,"type":"user","value":"9843818516","field_id":1,"user_id":42,"team_id":null},{"id":22,"type":"user","value":"9841687525","field_id":1,"user_id":43,"team_id":null},{"id":23,"type":"user","value":"9843818516","field_id":1,"user_id":44,"team_id":null},{"id":24,"type":"user","value":"9803326295","field_id":1,"user_id":45,"team_id":null},{"id":25,"type":"user","value":"9863778744","field_id":1,"user_id":46,"team_id":null},{"id":26,"type":"user","value":"9861313477","field_id":1,"user_id":47,"team_id":null},{"id":27,"type":"user","value":"9742306486","field_id":1,"user_id":48,"team_id":null},{"id":28,"type":"user","value":"9810248493","field_id":1,"user_id":49,"team_id":null},{"id":29,"type":"user","value":"9800531949","field_id":1,"user_id":50,"team_id":null},{"id":30,"type":"user","value":"9840761055","field_id":1,"user_id":51,"team_id":null},{"id":31,"type":"user","value":"9847699207","field_id":1,"user_id":52,"team_id":null},{"id":32,"type":"user","value":"9822920177","field_id":1,"user_id":53,"team_id":null},{"id":33,"type":"user","value":"9810327849","field_id":1,"user_id":54,"team_id":null},{"id":34,"type":"user","value":"9847162636","field_id":1,"user_id":55,"team_id":null},{"id":35,"type":"user","value":"9819872692","field_id":1,"user_id":56,"team_id":null},{"id":38,"type":"user","value":"9808886116","field_id":1,"user_id":59,"team_id":null},{"id":39,"type":"user","value":"9823623745","field_id":1,"user_id":60,"team_id":null},{"id":40,"type":"user","value":"9826260117","field_id":1,"user_id":61,"team_id":null},{"id":41,"type":"user","value":"9805377845","field_id":1,"user_id":62,"team_id":null},{"id":42,"type":"user","value":"9840843096","field_id":1,"user_id":63,"team_id":null},{"id":43,"type":"user","value":"ctf@org","field_id":1,"user_id":64,"team_id":null},{"id":44,"type":"user","value":"9803199406","field_id":1,"user_id":65,"team_id":null},{"id":45,"type":"user","value":"9846709892","field_id":1,"user_id":66,"team_id":null},{"id":46,"type":"user","value":"9844379734","field_id":1,"user_id":67,"team_id":null},{"id":47,"type":"user","value":"9803669366","field_id":1,"user_id":68,"team_id":null},{"id":48,"type":"user","value":"9811446746","field_id":1,"user_id":69,"team_id":null},{"id":49,"type":"user","value":"9803462157","field_id":1,"user_id":70,"team_id":null},{"id":50,"type":"user","value":"9847313153","field_id":1,"user_id":71,"team_id":null},{"id":51,"type":"user","value":"9865457687","field_id":1,"user_id":72,"team_id":null},{"id":52,"type":"user","value":"+9779822832510","field_id":1,"user_id":73,"team_id":null},{"id":53,"type":"user","value":"9808473186","field_id":1,"user_id":74,"team_id":null},{"id":54,"type":"user","value":"9840754775","field_id":1,"user_id":75,"team_id":null},{"id":55,"type":"user","value":"9864662199","field_id":1,"user_id":76,"team_id":null},{"id":56,"type":"user","value":"9800672328","field_id":1,"user_id":77,"team_id":null},{"id":57,"type":"user","value":"9814107504","field_id":1,"user_id":78,"team_id":null},{"id":59,"type":"user","value":"9819353534","field_id":1,"user_id":80,"team_id":null},{"id":60,"type":"user","value":"9816327816","field_id":1,"user_id":81,"team_id":null},{"id":61,"type":"user","value":"9818119950","field_id":1,"user_id":82,"team_id":null},{"id":62,"type":"user","value":"9843010717","field_id":1,"user_id":83,"team_id":null},{"id":63,"type":"user","value":"9845454545","field_id":1,"user_id":84,"team_id":null},{"id":64,"type":"user","value":"9842797591","field_id":1,"user_id":85,"team_id":null},{"id":65,"type":"user","value":"9866332606","field_id":1,"user_id":86,"team_id":null},{"id":66,"type":"user","value":"glwvwy@valanides.com","field_id":1,"user_id":87,"team_id":null},{"id":67,"type":"user","value":"9848362718","field_id":1,"user_id":88,"team_id":null},{"id":68,"type":"user","value":"+9779844","field_id":1,"user_id":89,"team_id":null},{"id":69,"type":"user","value":"9823569788","field_id":1,"user_id":90,"team_id":null},{"id":70,"type":"user","value":"9842994248","field_id":1,"user_id":91,"team_id":null},{"id":71,"type":"user","value":"9802316479","field_id":1,"user_id":92,"team_id":null},{"id":72,"type":"user","value":"9866318089","field_id":1,"user_id":93,"team_id":null},{"id":73,"type":"user","value":"yrzhbuunpepu@exelica.com","field_id":1,"user_id":94,"team_id":null},{"id":74,"type":"user","value":"izhojokswk@exelica.com","field_id":1,"user_id":95,"team_id":null},{"id":75,"type":"user","value":"9800970973","field_id":1,"user_id":96,"team_id":null},{"id":76,"type":"user","value":"9808887269","field_id":1,"user_id":97,"team_id":null},{"id":77,"type":"user","value":"9810357209","field_id":1,"user_id":22,"team_id":null},{"id":78,"type":"user","value":"9800000000","field_id":1,"user_id":98,"team_id":null},{"id":79,"type":"user","value":"9840204142","field_id":1,"user_id":99,"team_id":null},{"id":80,"type":"user","value":"9761843652","field_id":1,"user_id":100,"team_id":null},{"id":81,"type":"user","value":"9861234567","field_id":1,"user_id":101,"team_id":null},{"id":82,"type":"user","value":"9867542317","field_id":1,"user_id":102,"team_id":null},{"id":83,"type":"user","value":"9845637890","field_id":1,"user_id":103,"team_id":null}],"meta":{}}