{"count":32,"results":[{"id":2,"type":"page","location":"38c1101658ffc8bc401d2d8fa151e9e0/logo.jpg","challenge_id":null,"page_id":null},{"id":5,"type":"standard","location":"9dd082c669081a42bc20eea68035d243/svglogo.svg","challenge_id":null,"page_id":null},{"id":6,"type":"standard","location":"8c8877d211eefb428f6661f88bbe9e3c/favicon-32x32.png","challenge_id":null,"page_id":null},{"id":7,"type":"challenge","location":"ed77d05b25f28244670095bd2ec83202/ph31ns.wav","challenge_id":8,"page_id":null},{"id":8,"type":"challenge","location":"be11a016077efd813cc3d176e684f2c3/robot.zip","challenge_id":9,"page_id":null},{"id":9,"type":"challenge","location":"02a006894badcd3db4c6bba439285480/pheins.zip","challenge_id":10,"page_id":null},{"id":10,"type":"challenge","location":"6fef3539e072f9ac32dfa5cc912a9045/Zipped248.zip","challenge_id":11,"page_id":null},{"id":11,"type":"challenge","location":"6b7a2dd6fca0d07a39d5aaa75d402ed7/Warfare.cpp","challenge_id":15,"page_id":null},{"id":12,"type":"challenge","location":"7f2d9adf475b7a7a6181ae62acba0fc7/stars.cpp","challenge_id":16,"page_id":null},{"id":13,"type":"challenge","location":"6243d8cd3e2d47afe9b05e3137833e4a/PINNACLE.py","challenge_id":17,"page_id":null},{"id":14,"type":"challenge","location":"d267011bab62914002fd27472055603a/Can_you_find_me.txt","challenge_id":18,"page_id":null},{"id":15,"type":"challenge","location":"41010313ef1e688edc6df4d05d9c744d/Pincode.png","challenge_id":19,"page_id":null},{"id":16,"type":"challenge","location":"c490bafc265e167c893374b1593c7bfc/HelicopterrHelicopterr.png","challenge_id":20,"page_id":null},{"id":17,"type":"challenge","location":"7f4a79d8efec70324ea3fd3da72ac341/toughasvibranium.png","challenge_id":22,"page_id":null},{"id":18,"type":"page","location":"fe0828943d1e7237e6854ea194accfa7/toughasvibranium.png","challenge_id":null,"page_id":null},{"id":19,"type":"page","location":"d4a19523b35f0154be3593cef2d89e87/hurricanehigh.png","challenge_id":null,"page_id":null},{"id":20,"type":"page","location":"8fac5bce7682f7a5e7f6976afd4f740b/mysterysocket.png","challenge_id":null,"page_id":null},{"id":21,"type":"challenge","location":"b1bfed1591e80f468531ccaf234c7ff2/Secret.zip","challenge_id":30,"page_id":null},{"id":23,"type":"challenge","location":"e20d1377c99305600c6a3f37c541d0c4/JavaRev.java","challenge_id":31,"page_id":null},{"id":24,"type":"challenge","location":"4146e913ae0939698ef022887f93dc18/Zipped2048.zip","challenge_id":6,"page_id":null},{"id":25,"type":"page","location":"fa2ae83f5ae3ee662c396a4937faf086/flag.jpg","challenge_id":null,"page_id":null},{"id":26,"type":"challenge","location":"4be52710a13823d0a46e9a8b45041b15/where-is-the-flag.docm","challenge_id":37,"page_id":null},{"id":28,"type":"challenge","location":"ebcef4a21fc11a2d9690723db7ab921d/banksy.zip","challenge_id":38,"page_id":null},{"id":29,"type":"page","location":"c03080e04a16d983cf4eb0df8cb0ccde/create-team.jpg","challenge_id":null,"page_id":null},{"id":30,"type":"page","location":"e1672b3691d80a4d2ba9d8d3d8944713/create-team-form.jpg","challenge_id":null,"page_id":null},{"id":31,"type":"page","location":"30b0a8e9bb1ebf3b55c7dbcf30937f0b/join-team.jpg","challenge_id":null,"page_id":null},{"id":32,"type":"page","location":"1c2deee4e913b3bcf902c7f582b39007/join-team-form.jpg","challenge_id":null,"page_id":null},{"id":33,"type":"page","location":"69f821791a9b47260c9fc44ba7ca4f4a/login.jpg","challenge_id":null,"page_id":null},{"id":34,"type":"page","location":"3e81243a38a0ceda75f325588430fac2/phone.jpg","challenge_id":null,"page_id":null},{"id":35,"type":"page","location":"3e370dafb7a5f231abbdce86921bdd4b/register.jpg","challenge_id":null,"page_id":null},{"id":36,"type":"page","location":"7c82d3cc52267fa1297e869b5c37c5af/submit-flag.jpg","challenge_id":null,"page_id":null},{"id":37,"type":"page","location":"71006caab17adb5bf23bcaf2b4c10c27/write-flag.jpg","challenge_id":null,"page_id":null}],"meta":{}}