{"count":34,"results":[{"id":3,"challenge_id":4,"type":"static","content":"CTF{345Y_W38}","data":""},{"id":5,"challenge_id":3,"type":"static","content":"CTF{r0b0t5_m1ght_m@lfunct10n_s0met1mes}","data":""},{"id":7,"challenge_id":6,"type":"static","content":"CTF{It_W@S_S0_E@SY}","data":""},{"id":8,"challenge_id":7,"type":"static","content":"CTF{d3l373_4rm4d4_d474}","data":""},{"id":9,"challenge_id":8,"type":"static","content":"CTF{Ph3i_f4mily_is_in_d4ng3r}","data":""},{"id":10,"challenge_id":9,"type":"static","content":"CTF{r0b0t16_1d3nti7y_r3v3al3d}","data":""},{"id":11,"challenge_id":10,"type":"static","content":"CTF{R3public_0f_4LPH4_C3PHI34}","data":""},{"id":12,"challenge_id":11,"type":"static","content":"CTF{70u_f0und_m3}","data":""},{"id":13,"challenge_id":13,"type":"static","content":"CTF{B1g_br0th3r_0f_b4s3_64}","data":""},{"id":14,"challenge_id":14,"type":"static","content":"CTF{Z3r0s_4nd_0n3s_4r3_bett3r}","data":""},{"id":15,"challenge_id":15,"type":"static","content":"CTF{W3|c0me_70_Th3_W@RF@re}","data":""},{"id":16,"challenge_id":16,"type":"static","content":"CTF{>2<60C655:E02A:07C66}","data":""},{"id":17,"challenge_id":17,"type":"static","content":"CTF{THEFORCEISSTRONGWITHYOU}","data":""},{"id":18,"challenge_id":18,"type":"static","content":"CTF{FlAG_47re55_8reaCHED}","data":""},{"id":19,"challenge_id":19,"type":"static","content":"CTF{NW10_3NR}","data":""},{"id":20,"challenge_id":19,"type":"static","content":"CTF{NW10}","data":""},{"id":21,"challenge_id":20,"type":"static","content":"CTF{JOHN_REGAN}","data":""},{"id":22,"challenge_id":22,"type":"static","content":"CTF{RIP_Chadwick_Boseman}","data":""},{"id":23,"challenge_id":23,"type":"static","content":"CTF{YAHADESHKOXACHINTATIMIMAYAMAYABHANXAU}","data":""},{"id":24,"challenge_id":24,"type":"static","content":"CTF{HIGHPOTENTIAL}","data":""},{"id":25,"challenge_id":25,"type":"static","content":"CTF{eureka}","data":""},{"id":26,"challenge_id":26,"type":"static","content":"CTF{eye_of_the_storm}","data":"case_insensitive"},{"id":27,"challenge_id":27,"type":"static","content":"CTF{0xfdef5b6f6dece6b29695b9fd8d0cadaff944876e598fd443125e1f8c2db15160}","data":""},{"id":28,"challenge_id":28,"type":"static","content":"CTF{32934_FACEBOOK}","data":""},{"id":29,"challenge_id":29,"type":"static","content":"CTF{JERUSALEM}","data":"case_insensitive"},{"id":30,"challenge_id":30,"type":"static","content":"CTF{G1T_1S_4W3S0M3}","data":""},{"id":31,"challenge_id":31,"type":"static","content":"CTF{un5cr@mbl3_th3_ch@r@ct3r5}","data":""},{"id":32,"challenge_id":32,"type":"static","content":"CTF{THIS_IS_A_FLAG}","data":""},{"id":34,"challenge_id":34,"type":"static","content":"CTF{bu7-7h3-m1Lk-ju57-fl04T5-4W4y!}","data":""},{"id":35,"challenge_id":35,"type":"static","content":"CTF{W3_R_S71LL_H3R3}","data":""},{"id":36,"challenge_id":36,"type":"static","content":"CTF{YOU_NEED_3Y3S_TO_SEE_THIS}","data":""},{"id":37,"challenge_id":37,"type":"static","content":"CTF{why_d1d_1_0p3n_th1s_m4cr0_TWT}","data":""},{"id":38,"challenge_id":38,"type":"static","content":"CTF{bestflagcompany}","data":""},{"id":39,"challenge_id":39,"type":"static","content":"CTF{OUR_BOT5_AR3_TOO_COZY}","data":""}],"meta":{}}