{"count":7,"results":[{"id":1,"title":"None","route":"index","content":" <div class=\"container__item landing-page-container\">\r\n      <div class=\"content__wrapper\">\r\n        <p class=\"coords\">N 27\u00b0 40' 37.288\"  E 85\u00b0 19' 57.991\"</p>\r\n\r\n        <ul class=\"social-container header__item\">\r\n          <a href=\"https://www.facebook.com/HimalayaExhibition/\" target=\"_blank\"\r\n            ><i class=\"fab fa-facebook fa-2x\" aria-hidden=\"true\"></i\r\n          ></a>\r\n          <a href=\"https://www.instagram.com/_hex_2023/\" target=\"_blank\"\r\n            ><i class=\"fab fa-instagram fa-2x\" aria-hidden=\"true\"></i\r\n          ></a>\r\n          <a href=\"https://discord.gg/wYc74bc6PV\" target=\"_blank\"\r\n            ><i class=\"fab fa-discord fa-2x\" aria-hidden=\"true\"></i\r\n          ></a>\r\n        </ul>\r\n\r\n        <div class=\"ellipses-container\">\r\n          <h2 class=\"greeting\">Hex CTF</h2>\r\n          <div class=\"heading\">\r\n            <p>HEx CTF, Unleash Your Inner Hacker</p>\r\n            <h4 class=\"text-center\">\r\n              <a\r\n                href=\"https://discord.gg/wYc74bc6PV\"\r\n                target=\"_blank\"\r\n                class=\"btn btn-primary btn-lg\"\r\n              >\r\n                <i class=\"fab fa-discord fa-1x\" aria-hidden=\"true\"></i> Join our\r\n                Discord</a\r\n              >\r\n            </h4>\r\n            <h4 class=\"text-center\">\r\n              <a href=\"challenges\" class=\"btn btn-lg btn-success\"\r\n                >Go To Challenges</a\r\n              >\r\n              <a href=\"scoreboard\" class=\"btn btn-lg btn-danger\">Scoreboard</a>\r\n            </h4>\r\n            <h4 class=\"text-center\">\r\n              <a\r\n                href=\"https://hexhimalaya.com\"\r\n                target=\"_blank\"\r\n                class=\"btn btn-outline-secondary\"\r\n                >What else HEx offers?</a\r\n              >\r\n            </h4>\r\n          </div>\r\n\r\n          <div class=\"ellipses ellipses__outer--thin\">\r\n            <div class=\"ellipses ellipses__orbit\"></div>\r\n          </div>\r\n\r\n          <div class=\"ellipses ellipses__outer--thick\"></div>\r\n        </div>\r\n\r\n        <div class=\"scroller\">\r\n          <a class=\"page-title\" href=\"/rules\">rules</a>\r\n\r\n          <div class=\"timeline\">\r\n            <span class=\"timeline__unit\"></span>\r\n            <span class=\"timeline__unit timeline__unit--active\"></span>\r\n            <span class=\"timeline__unit\"></span>\r\n          </div>\r\n        </div>\r\n      </div>\r\n    </div>\r\n    <div class=\"mobile-nav\">\r\n      <div class=\"ellipses-container\">\r\n        <h2 class=\"greeting\">Hex CTF</h2>\r\n        <div class=\"heading button-list\">\r\n          <p class=\"mb-5\">HEx CTF, Unleash Your Inner Hacker</p>\r\n          <h4 class=\"text-center\">\r\n            <a\r\n              href=\"https://discord.gg/wYc74bc6PV\"\r\n              target=\"_blank\"\r\n              class=\"btn btn-primary btn-lg btn-block\"\r\n            >\r\n              <i class=\"fab fa-discord fa-1x\" aria-hidden=\"true\"></i> Join our\r\n              Discord</a\r\n            >\r\n          </h4>\r\n          <h4 class=\"text-center\">\r\n            <a href=\"challenges\" class=\"btn btn-lg btn-success btn-block\"\r\n              >Go To Challenges</a\r\n            >\r\n          </h4>\r\n          <h4 class=\"text-center\">\r\n            <a href=\"scoreboard\" class=\"btn btn-lg btn-danger btn-block\"\r\n              >Scoreboard</a\r\n            >\r\n          </h4>\r\n          <h4 class=\"text-center\">\r\n            <a\r\n              href=\"https://hexhimalaya.com\"\r\n              target=\"_blank\"\r\n              class=\"btn btn-outline-secondary btn-lg btn-block\"\r\n              >What else HEx offers?</a\r\n            >\r\n          </h4>\r\n        </div>\r\n      </div>\r\n    </div>\r\n    <style>\r\n      html {\r\n        font-size: 62.5%;\r\n      }\r\n      body {\r\n        font-size: 1.4rem;\r\n      }\r\n      /* =14px */\r\n      h1 {\r\n        font-size: 2.4rem;\r\n      }\r\n      .navbar {\r\n        font-size: 1.5rem !important;\r\n        padding: 1.25rem !important;\r\n      }\r\n      .ellipses-container {\r\n        z-index: 99;\r\n      }\r\n      /* =24px */\r\n      .container__item {\r\n        margin: 0 auto 20px;\r\n      }\r\n      .btn-lg {\r\n        padding: 1rem 1.5rem;\r\n        font-size: 1.6rem;\r\n        font-weight: 600;\r\n        line-height: 1.5;\r\n        border-radius: 0.3rem;\r\n      }\r\n      .landing-page-container {\r\n        width: 100%;\r\n        height: 75vh;\r\n        background-image: url(\"https://s29.postimg.org/vho8xb2pj/landing_bg.jpg\");\r\n        background-repeat: no-repeat;\r\n        background-size: cover;\r\n        background-position: bottom;\r\n        overflow: hidden;\r\n        font-family: \"Montserrat\", sans-serif;\r\n        color: #09383e;\r\n        margin-top: 24px;\r\n      }\r\n      .content__wrapper {\r\n        max-width: 1200px;\r\n        width: 90%;\r\n        height: 100%;\r\n        margin: 0 auto;\r\n        position: relative;\r\n      }\r\n      .menu-icon {\r\n        width: 2.5rem;\r\n        height: 1.5rem;\r\n        display: inline-block;\r\n        cursor: pointer;\r\n      }\r\n      .header__item {\r\n        display: inline-block;\r\n        float: left;\r\n      }\r\n      .menu-icon__line {\r\n        width: 1.5rem;\r\n        height: 0.2rem;\r\n        background-color: #0c383e;\r\n        display: block;\r\n      }\r\n      .menu-icon__line:before,\r\n      .menu-icon__line:after {\r\n        content: \"\";\r\n        width: 1.5rem;\r\n        height: 0.2rem;\r\n        background-color: #0c383e;\r\n        display: inline-block;\r\n        position: relative;\r\n      }\r\n      .menu-icon__line:before {\r\n        left: 0.5rem;\r\n        top: -0.6rem;\r\n      }\r\n      .menu-icon__line:after {\r\n        top: -1.8rem;\r\n      }\r\n      .heading {\r\n        width: 90%;\r\n        font-size: 2rem;\r\n        font-weight: bold;\r\n        margin: 0;\r\n        line-height: 2.5rem;\r\n        margin: 0 auto;\r\n        text-align: center;\r\n        z-index: 99;\r\n      }\r\n      .social-container {\r\n        width: 12rem;\r\n        list-style: none;\r\n        overflow: hidden;\r\n        padding: 0;\r\n        margin: 0;\r\n        float: right;\r\n      }\r\n      .social-container .social__icon {\r\n        float: left;\r\n        cursor: pointer;\r\n      }\r\n      .social-container .social__icon.social__icon--dr {\r\n        margin-left: 0.5rem;\r\n      }\r\n      .social-container .social__icon.social__icon--dr img {\r\n        height: 2rem;\r\n      }\r\n      .social-container .social__icon.social__icon--in {\r\n        margin-left: 0.75rem;\r\n      }\r\n      .social-container .social__icon.social__icon--in img {\r\n        height: 2rem;\r\n      }\r\n      .social-container .social__icon.social__icon--fb img {\r\n        height: 2rem;\r\n        margin: 0rem;\r\n      }\r\n      .coords {\r\n        font-size: 1rem;\r\n        display: inline-block;\r\n        transform: rotate(-90deg) translateY(50%);\r\n        float: left;\r\n        position: relative;\r\n        bottom: -18rem;\r\n        letter-spacing: 0.2rem;\r\n        left: -11.5rem;\r\n        margin: 0;\r\n      }\r\n      .ellipses-container {\r\n        width: 50rem;\r\n        height: 50rem;\r\n        border-radius: 50%;\r\n        margin: 0 auto;\r\n        position: relative;\r\n        top: 10.5rem;\r\n      }\r\n      .ellipses-container .greeting {\r\n        position: absolute;\r\n        top: 12rem;\r\n        left: 18.5rem;\r\n        right: 0;\r\n        margin: 0 auto;\r\n        text-transform: uppercase;\r\n        letter-spacing: 4rem;\r\n        font-size: 3rem;\r\n        font-weight: 800;\r\n        opacity: 0.8;\r\n      }\r\n\r\n      .ellipses-container .heading {\r\n        position: absolute;\r\n        top: 24rem;\r\n        left: 2.5rem;\r\n        font-weight: 400 !important;\r\n      }\r\n\r\n      .ellipses-container .greeting:after {\r\n        content: \"\";\r\n        width: 0.3rem;\r\n        height: 0.3rem;\r\n        border-radius: 50%;\r\n        display: inline-block;\r\n        background-color: #0c383e;\r\n        position: relative;\r\n        top: -0.65rem;\r\n        left: -5.05rem;\r\n      }\r\n      .ellipses {\r\n        border-radius: 50%;\r\n        position: absolute;\r\n        top: 0;\r\n        border-style: solid;\r\n      }\r\n      .ellipses__outer--thin {\r\n        width: 100%;\r\n        height: 100%;\r\n        border-width: 1px;\r\n        border-color: rgba(9, 56, 62, 0.1);\r\n        animation: ellipsesOrbit 15s ease-in-out infinite;\r\n      }\r\n      .ellipses__outer--thin:after {\r\n        content: \"\";\r\n        background-image: url(\"https://s29.postimg.org/5h0r4ftkn/ellipses_dial.png\");\r\n        background-repeat: no-repeat;\r\n        background-position: center;\r\n        top: 0;\r\n        left: 0;\r\n        bottom: 0;\r\n        right: 0;\r\n        position: absolute;\r\n        opacity: 0.15;\r\n      }\r\n      .ellipses__outer--thick {\r\n        width: 99.5%;\r\n        height: 99.5%;\r\n        border-color: #09383e transparent;\r\n        border-width: 2px;\r\n        transform: rotate(-45deg);\r\n        animation: ellipsesRotate 15s ease-in-out infinite;\r\n      }\r\n      .ellipses__orbit {\r\n        width: 2.5rem;\r\n        height: 2.5rem;\r\n        border-width: 2px;\r\n        border-color: #09383e;\r\n        top: 5rem;\r\n        right: 6.75rem;\r\n      }\r\n      .ellipses__orbit:before {\r\n        content: \"\";\r\n        width: 0.7rem;\r\n        height: 0.7rem;\r\n        border-radius: 50%;\r\n        display: inline-block;\r\n        background-color: #09383e;\r\n        margin: 0 auto;\r\n        left: 0;\r\n        right: 0;\r\n        position: absolute;\r\n        top: 50%;\r\n        transform: translateY(-50%);\r\n      }\r\n      .scroller {\r\n        width: 7.5rem;\r\n        display: inline-block;\r\n        float: right;\r\n        position: relative;\r\n        top: -15%;\r\n        transform: translateY(50%);\r\n        overflow: hidden;\r\n      }\r\n      .scroller .page-title {\r\n        font-family: \"Playfair Display\", serif;\r\n        letter-spacing: 0.5rem;\r\n        display: inline-block;\r\n        float: left;\r\n        margin-top: 1rem;\r\n        text-decoration: none;\r\n        font-size: 1.8rem;\r\n        color: #09383e;\r\n      }\r\n      .scroller .timeline {\r\n        width: 1.5rem;\r\n        height: 9rem;\r\n        display: inline-block;\r\n        float: right;\r\n      }\r\n      .scroller .timeline .timeline__unit {\r\n        width: 100%;\r\n        height: 0.1rem;\r\n        display: block;\r\n        background-color: #0c383e;\r\n        margin: 0 0 2rem;\r\n        opacity: 0.2;\r\n      }\r\n      .scroller .timeline .timeline__unit.timeline__unit--active {\r\n        opacity: 1;\r\n      }\r\n      .scroller .timeline .timeline__unit.timeline__unit--active:after {\r\n        opacity: 0.2;\r\n      }\r\n      .scroller .timeline .timeline__unit:after {\r\n        content: \"\";\r\n        width: 70%;\r\n        height: 0.1rem;\r\n        display: block;\r\n        position: relative;\r\n        float: right;\r\n        background-color: #0c383e;\r\n        top: 1rem;\r\n      }\r\n\r\n      .button-list {\r\n        display: flex;\r\n        flex-direction: column;\r\n        gap: 1rem;\r\n      }\r\n\r\n      @keyframes ellipsesRotate {\r\n        0% {\r\n          transform: rotate(-45deg);\r\n        }\r\n        100% {\r\n          transform: rotate(-405deg);\r\n        }\r\n      }\r\n      @keyframes ellipsesOrbit {\r\n        0% {\r\n          transform: rotate(0);\r\n        }\r\n        100% {\r\n          transform: rotate(360deg);\r\n        }\r\n      }\r\n\r\n      .mobile-nav {\r\n        display: none;\r\n      }\r\n\r\n      @media screen and (max-width: 768px) {\r\n        .container__item {\r\n          display: none;\r\n        }\r\n        .mobile-nav {\r\n          display: block;\r\n        }\r\n\r\n        .ellipses-container {\r\n          width: unset;\r\n        }\r\n\r\n        .ellipses-container .greeting {\r\n          top: 12rem;\r\n          left: 0;\r\n          text-align: center;\r\n          letter-spacing: 1rem;\r\n        }\r\n      }\r\n    </style>","draft":0,"hidden":0,"auth_required":0,"format":"html"},{"id":2,"title":"Rules","route":"rules","content":"<br/>\r\n<br/>\r\n\r\n**TEAM SPECIFICATIONS:**\r\n\r\n1. A team can consist of 1-4 members.\r\n2. Participants should only be a member of a single team.\r\n\r\n**RULES AND REGULATION**\r\n\r\n1. Team members must give their real names, usernames going to be used for competition, personal email id, and phone numbers in the registration form to verify their identities and to collect prizes.\r\n2. Participants/Teams are not allowed to carry out any attacks on the CTF infrastructure or on other teams/individuals.\r\n3. No DoS/DDoS/Brute Forcing/Automated Scans or any other practice generating any large amount of traffic by any other means on any challenges and the contest infrastructure. It is not permitted and is never intended in any challenge.\r\n4. Any kind of malpractices against any challenge or against the platform will result in the disqualification of the team.\r\n5. Sharing the flags/solutions/writeups with anyone outside of your team when the competition is live is strictly prohibited.\r\n6. CTF organizers have every right to amend the existing rules or introduce new rules at any time before/during/after the contest. Any such rules must be followed by all the members of each team.\r\n7. If you find any flaws in the CTF infrastructure, you have to report that to the organizing team immediately instead of exploiting it or sharing/disclosing it with others through any public platforms or by other means.\r\n8. By participating in this contest, you agree that you have read the above rules and fully agree to adhere to them.\r\n9. We may add/remove/modify the challenges during the contest.\r\n10. Any further updates will also be shared through our Discord Channel.\r\n11. The decision of the organizing team will be final.\r\n12. If anyone is found to break the above-mentioned rules, the whole team will be disqualified and removed from the event. We may also disclose your team's name, members, and IP if such malpractices happen.\r\n13. Every flag submission should contain CTF{\\<flag>}. If you are unable to submit the flag in the correct format, you will not be awarded points for that challenge.\r\n14. If you are unable to be physically present at the prize distribution ceremony, you will not be awarded the prize, and the next eligible team will be awarded the prize.\r\n\r\n**JUDGING CRITERIA**\r\n\r\n1. At the end of the CTF, on the scoreboard, the teams with the highest score are identified and are entitled to a prize.\r\n2. In case the score is equal, the first team (in a shorter time) to reach the score is considered as first 16.\r\n   Winners are cross question on how the flags were obtained and if they are unable to answer then the next eligible winner is selected.\r\n\r\nHappy Hacking \ud83c\udf89\r\n","draft":0,"hidden":0,"auth_required":0,"format":"markdown"},{"id":3,"title":"How To","route":"howto","content":"<br/>\r\n<br/>\r\n<br/>\r\n<br/>\r\n\r\n## \u26a0\ufe0f **Please use your real name and phone number while registering for the CTF as well as for discord. We'll use them to verify the winners. You can update them, if you have already used something else.** \u26a0\ufe0f\r\n\r\n### [How to Register for HEx CTF](/howto-register)\r\n\r\n### [How to Create a Team (For Team Leaders Only)](/howto-create-team)\r\n\r\n### [How to Join a Team (For Team Members Only)](/howto-join-team)\r\n\r\n###  [How to Submit a Flag](/howto-submit-flag)\r\n\r\n<hr/>\r\n\r\nPlease contact our Mentors in Discord server, if you face any issues during the entire process. ","draft":0,"hidden":0,"auth_required":0,"format":"markdown"},{"id":5,"title":"How To Register","route":"howto-register","content":"<br/>\r\n<br/>\r\n\r\n# How to Register for HEx CTF\r\n\r\n<br/>\r\n\r\n#### 1. Navigate to https://ctf.hexhimalaya.com/\r\n\r\n<br/>\r\n\r\n#### 2. Click \"Register\".\r\n\r\n![register.jpg](/files/3e370dafb7a5f231abbdce86921bdd4b/register.jpg)\r\n\r\n<br/>\r\n\r\n#### 3. Fill the rest of the form and \"Phone Number\" field with valid Phone Number.\r\n\r\n![phone.jpg](/files/3e81243a38a0ceda75f325588430fac2/phone.jpg)\r\n\r\n<br/>\r\n\r\n#### 4. As we'll use Name and Phone Number to verify the winners, please use your real name and phone number.\r\n\r\n<br/>\r\n\r\n#### 5. You'll login with your email and password, so please remember them.\r\n\r\n<br/>\r\n<br/>\r\n<br/>","draft":0,"hidden":1,"auth_required":0,"format":"markdown"},{"id":6,"title":"How To Join Team","route":"howto-join-team","content":"<br/>\r\n<br/>\r\n\r\n# How to Join a Team (For Team Members Only)\r\n\r\n<br/>\r\n\r\n#### 1. Navigate to https://ctf.hexhimalaya.com/\r\n\r\n<br/>\r\n\r\n#### 2. After logging in, click \"Join Team\".\r\n\r\n![join-team.jpg](/files/30b0a8e9bb1ebf3b55c7dbcf30937f0b/join-team.jpg)\r\n\r\n<br/>\r\n\r\n#### 3. Please enter the Team Name and Password in the provided form and select \"Submit\". Make sure that the Team Name matches the one entered in the Google Forms, and enter the Password provided by the Team Leader.\r\n\r\n![join-team-form.jpg](/files/1c2deee4e913b3bcf902c7f582b39007/join-team-form.jpg)\r\n\r\n<br/>\r\n<br/>\r\n<br/>","draft":0,"hidden":1,"auth_required":0,"format":"markdown"},{"id":7,"title":"How To Create Team","route":"howto-create-team","content":"<br/>\r\n<br/>\r\n\r\n# How to Create a Team (For Team Leaders Only)\r\n\r\n<br/>\r\n\r\n#### 1. Navigate to https://ctf.hexhimalaya.com/\r\n\r\n<br/>\r\n\r\n#### 2. After logging in, click \"Create Team\".\r\n\r\n![create-team.jpg](/files/c03080e04a16d983cf4eb0df8cb0ccde/create-team.jpg)\r\n\r\n<br/>\r\n\r\n#### 3. Please enter the Team Name and Password in the provided form and select \"Submit\". Make sure that the Team Name matches the one entered in the Google Forms, and share the Password with your team members as they will require it to join the team.\r\n\r\n![create-team-form.jpg](/files/e1672b3691d80a4d2ba9d8d3d8944713/create-team-form.jpg)\r\n\r\n<br/>\r\n<br/>\r\n<br/>","draft":0,"hidden":1,"auth_required":0,"format":"markdown"},{"id":8,"title":"How to Submit Flag","route":"howto-submit-flag","content":"<br/>\r\n<br/>\r\n\r\n# How to Submit a Flag\r\n\r\n#### 1. Navigate to https://ctf.hexhimalaya.com/challenges\r\n\r\n<br/>\r\n\r\n#### 2. After logging in, click on the challenge you want to solve.\r\n\r\n![submit-flag.jpg](/files/7c82d3cc52267fa1297e869b5c37c5af/submit-flag.jpg)\r\n\r\n<br/>\r\n\r\n#### 3. Enter the flag in the provided form and select \"Submit\". Make sure that the flag is in the correct format. The flag format is `CTF{<flag_goes_here>}`. For example, if the flag is `flag`, then the correct format would be `CTF{flag}`.\r\n\r\n![write-flag.jpg](/files/71006caab17adb5bf23bcaf2b4c10c27/write-flag.jpg)\r\n  \r\n<br/>\r\n<br/>\r\n<br/>","draft":0,"hidden":1,"auth_required":0,"format":"markdown"}],"meta":{}}