{"count":404,"results":[{"id":63,"challenge_id":32,"user_id":1,"team_id":2},{"id":64,"challenge_id":32,"user_id":23,"team_id":19},{"id":65,"challenge_id":32,"user_id":81,"team_id":30},{"id":66,"challenge_id":3,"user_id":75,"team_id":23},{"id":67,"challenge_id":32,"user_id":54,"team_id":25},{"id":68,"challenge_id":3,"user_id":23,"team_id":19},{"id":69,"challenge_id":3,"user_id":27,"team_id":20},{"id":70,"challenge_id":3,"user_id":40,"team_id":25},{"id":72,"challenge_id":32,"user_id":60,"team_id":33},{"id":73,"challenge_id":3,"user_id":81,"team_id":30},{"id":74,"challenge_id":35,"user_id":75,"team_id":23},{"id":76,"challenge_id":35,"user_id":27,"team_id":20},{"id":77,"challenge_id":3,"user_id":55,"team_id":21},{"id":78,"challenge_id":34,"user_id":75,"team_id":23},{"id":79,"challenge_id":3,"user_id":83,"team_id":43},{"id":81,"challenge_id":3,"user_id":65,"team_id":34},{"id":82,"challenge_id":32,"user_id":35,"team_id":22},{"id":83,"challenge_id":32,"user_id":32,"team_id":21},{"id":84,"challenge_id":39,"user_id":75,"team_id":23},{"id":85,"challenge_id":35,"user_id":81,"team_id":30},{"id":86,"challenge_id":32,"user_id":51,"team_id":39},{"id":87,"challenge_id":35,"user_id":55,"team_id":21},{"id":88,"challenge_id":28,"user_id":54,"team_id":25},{"id":89,"challenge_id":34,"user_id":40,"team_id":25},{"id":92,"challenge_id":32,"user_id":31,"team_id":20},{"id":96,"challenge_id":35,"user_id":38,"team_id":25},{"id":97,"challenge_id":3,"user_id":52,"team_id":39},{"id":100,"challenge_id":39,"user_id":51,"team_id":39},{"id":106,"challenge_id":32,"user_id":65,"team_id":34},{"id":107,"challenge_id":30,"user_id":48,"team_id":30},{"id":109,"challenge_id":28,"user_id":75,"team_id":23},{"id":112,"challenge_id":39,"user_id":40,"team_id":25},{"id":114,"challenge_id":3,"user_id":33,"team_id":22},{"id":115,"challenge_id":3,"user_id":44,"team_id":28},{"id":116,"challenge_id":34,"user_id":27,"team_id":20},{"id":117,"challenge_id":34,"user_id":51,"team_id":39},{"id":135,"challenge_id":28,"user_id":27,"team_id":20},{"id":138,"challenge_id":35,"user_id":83,"team_id":43},{"id":143,"challenge_id":35,"user_id":65,"team_id":34},{"id":145,"challenge_id":28,"user_id":46,"team_id":39},{"id":146,"challenge_id":30,"user_id":51,"team_id":39},{"id":153,"challenge_id":22,"user_id":78,"team_id":39},{"id":164,"challenge_id":3,"user_id":80,"team_id":41},{"id":182,"challenge_id":28,"user_id":24,"team_id":19},{"id":185,"challenge_id":34,"user_id":23,"team_id":19},{"id":206,"challenge_id":39,"user_id":27,"team_id":20},{"id":207,"challenge_id":39,"user_id":23,"team_id":19},{"id":214,"challenge_id":3,"user_id":59,"team_id":33},{"id":221,"challenge_id":39,"user_id":61,"team_id":30},{"id":225,"challenge_id":34,"user_id":44,"team_id":28},{"id":232,"challenge_id":35,"user_id":51,"team_id":39},{"id":235,"challenge_id":34,"user_id":81,"team_id":30},{"id":238,"challenge_id":3,"user_id":68,"team_id":35},{"id":246,"challenge_id":34,"user_id":65,"team_id":34},{"id":253,"challenge_id":34,"user_id":83,"team_id":43},{"id":257,"challenge_id":29,"user_id":24,"team_id":19},{"id":260,"challenge_id":39,"user_id":33,"team_id":22},{"id":261,"challenge_id":35,"user_id":44,"team_id":28},{"id":262,"challenge_id":34,"user_id":80,"team_id":41},{"id":279,"challenge_id":35,"user_id":66,"team_id":35},{"id":281,"challenge_id":34,"user_id":33,"team_id":22},{"id":292,"challenge_id":17,"user_id":49,"team_id":23},{"id":308,"challenge_id":28,"user_id":44,"team_id":28},{"id":311,"challenge_id":22,"user_id":25,"team_id":19},{"id":320,"challenge_id":30,"user_id":75,"team_id":23},{"id":321,"challenge_id":28,"user_id":83,"team_id":43},{"id":323,"challenge_id":28,"user_id":81,"team_id":30},{"id":324,"challenge_id":35,"user_id":33,"team_id":22},{"id":328,"challenge_id":32,"user_id":50,"team_id":38},{"id":329,"challenge_id":28,"user_id":65,"team_id":34},{"id":331,"challenge_id":35,"user_id":23,"team_id":19},{"id":348,"challenge_id":32,"user_id":83,"team_id":43},{"id":351,"challenge_id":32,"user_id":80,"team_id":41},{"id":361,"challenge_id":22,"user_id":35,"team_id":22},{"id":362,"challenge_id":36,"user_id":27,"team_id":20},{"id":378,"challenge_id":30,"user_id":31,"team_id":20},{"id":383,"challenge_id":35,"user_id":80,"team_id":41},{"id":403,"challenge_id":22,"user_id":65,"team_id":34},{"id":407,"challenge_id":22,"user_id":83,"team_id":43},{"id":413,"challenge_id":39,"user_id":66,"team_id":35},{"id":424,"challenge_id":28,"user_id":80,"team_id":41},{"id":428,"challenge_id":22,"user_id":81,"team_id":30},{"id":466,"challenge_id":32,"user_id":68,"team_id":35},{"id":485,"challenge_id":36,"user_id":51,"team_id":39},{"id":505,"challenge_id":18,"user_id":31,"team_id":20},{"id":546,"challenge_id":29,"user_id":80,"team_id":41},{"id":556,"challenge_id":17,"user_id":46,"team_id":39},{"id":572,"challenge_id":22,"user_id":36,"team_id":23},{"id":580,"challenge_id":20,"user_id":24,"team_id":19},{"id":581,"challenge_id":32,"user_id":44,"team_id":28},{"id":584,"challenge_id":36,"user_id":49,"team_id":23},{"id":597,"challenge_id":34,"user_id":66,"team_id":35},{"id":607,"challenge_id":22,"user_id":54,"team_id":25},{"id":637,"challenge_id":28,"user_id":68,"team_id":35},{"id":646,"challenge_id":39,"user_id":62,"team_id":34},{"id":674,"challenge_id":30,"user_id":26,"team_id":19},{"id":676,"challenge_id":29,"user_id":28,"team_id":20},{"id":691,"challenge_id":32,"user_id":75,"team_id":23},{"id":726,"challenge_id":36,"user_id":35,"team_id":22},{"id":737,"challenge_id":22,"user_id":31,"team_id":20},{"id":746,"challenge_id":38,"user_id":48,"team_id":30},{"id":763,"challenge_id":15,"user_id":49,"team_id":23},{"id":767,"challenge_id":36,"user_id":25,"team_id":19},{"id":789,"challenge_id":22,"user_id":59,"team_id":33},{"id":795,"challenge_id":30,"user_id":33,"team_id":22},{"id":807,"challenge_id":28,"user_id":33,"team_id":22},{"id":843,"challenge_id":38,"user_id":46,"team_id":39},{"id":857,"challenge_id":36,"user_id":69,"team_id":35},{"id":878,"challenge_id":28,"user_id":60,"team_id":33},{"id":888,"challenge_id":8,"user_id":50,"team_id":38},{"id":899,"challenge_id":30,"user_id":70,"team_id":35},{"id":903,"challenge_id":38,"user_id":31,"team_id":20},{"id":909,"challenge_id":29,"user_id":62,"team_id":34},{"id":937,"challenge_id":15,"user_id":78,"team_id":39},{"id":939,"challenge_id":18,"user_id":26,"team_id":19},{"id":958,"challenge_id":39,"user_id":80,"team_id":41},{"id":987,"challenge_id":17,"user_id":48,"team_id":30},{"id":998,"challenge_id":39,"user_id":83,"team_id":43},{"id":1005,"challenge_id":29,"user_id":83,"team_id":43},{"id":1019,"challenge_id":29,"user_id":78,"team_id":39},{"id":1053,"challenge_id":30,"user_id":62,"team_id":34},{"id":1103,"challenge_id":36,"user_id":61,"team_id":30},{"id":1111,"challenge_id":17,"user_id":39,"team_id":25},{"id":1138,"challenge_id":20,"user_id":65,"team_id":34},{"id":1154,"challenge_id":17,"user_id":23,"team_id":19},{"id":1157,"challenge_id":15,"user_id":39,"team_id":25},{"id":1170,"challenge_id":37,"user_id":46,"team_id":39},{"id":1183,"challenge_id":15,"user_id":27,"team_id":20},{"id":1190,"challenge_id":29,"user_id":81,"team_id":30},{"id":1224,"challenge_id":37,"user_id":24,"team_id":19},{"id":1230,"challenge_id":37,"user_id":31,"team_id":20},{"id":1249,"challenge_id":34,"user_id":45,"team_id":33},{"id":1256,"challenge_id":20,"user_id":81,"team_id":30},{"id":1260,"challenge_id":8,"user_id":36,"team_id":23},{"id":1267,"challenge_id":32,"user_id":71,"team_id":36},{"id":1300,"challenge_id":36,"user_id":38,"team_id":25},{"id":1343,"challenge_id":39,"user_id":47,"team_id":28},{"id":1394,"challenge_id":20,"user_id":27,"team_id":20},{"id":1421,"challenge_id":8,"user_id":28,"team_id":20},{"id":1423,"challenge_id":39,"user_id":60,"team_id":33},{"id":1478,"challenge_id":34,"user_id":55,"team_id":21},{"id":1495,"challenge_id":15,"user_id":24,"team_id":19},{"id":1503,"challenge_id":20,"user_id":83,"team_id":43},{"id":1512,"challenge_id":37,"user_id":36,"team_id":23},{"id":1528,"challenge_id":30,"user_id":83,"team_id":43},{"id":1533,"challenge_id":36,"user_id":32,"team_id":21},{"id":1536,"challenge_id":37,"user_id":48,"team_id":30},{"id":1552,"challenge_id":28,"user_id":55,"team_id":21},{"id":1565,"challenge_id":8,"user_id":59,"team_id":33},{"id":1590,"challenge_id":20,"user_id":50,"team_id":38},{"id":1600,"challenge_id":38,"user_id":39,"team_id":25},{"id":1601,"challenge_id":38,"user_id":68,"team_id":35},{"id":1602,"challenge_id":30,"user_id":54,"team_id":25},{"id":1609,"challenge_id":8,"user_id":65,"team_id":34},{"id":1614,"challenge_id":29,"user_id":39,"team_id":25},{"id":1619,"challenge_id":29,"user_id":50,"team_id":38},{"id":1666,"challenge_id":26,"user_id":31,"team_id":20},{"id":1668,"challenge_id":8,"user_id":33,"team_id":22},{"id":1670,"challenge_id":20,"user_id":36,"team_id":23},{"id":1695,"challenge_id":8,"user_id":25,"team_id":19},{"id":1705,"challenge_id":29,"user_id":36,"team_id":23},{"id":1750,"challenge_id":30,"user_id":32,"team_id":21},{"id":1752,"challenge_id":17,"user_id":27,"team_id":20},{"id":1785,"challenge_id":3,"user_id":87,"team_id":46},{"id":1789,"challenge_id":8,"user_id":61,"team_id":30},{"id":1791,"challenge_id":39,"user_id":73,"team_id":36},{"id":1797,"challenge_id":22,"user_id":32,"team_id":21},{"id":1798,"challenge_id":8,"user_id":83,"team_id":43},{"id":1799,"challenge_id":34,"user_id":87,"team_id":46},{"id":1801,"challenge_id":35,"user_id":87,"team_id":46},{"id":1802,"challenge_id":32,"user_id":87,"team_id":46},{"id":1804,"challenge_id":28,"user_id":87,"team_id":46},{"id":1837,"challenge_id":29,"user_id":35,"team_id":22},{"id":1869,"challenge_id":15,"user_id":70,"team_id":35},{"id":1872,"challenge_id":39,"user_id":55,"team_id":21},{"id":1887,"challenge_id":37,"user_id":40,"team_id":25},{"id":1948,"challenge_id":28,"user_id":72,"team_id":36},{"id":1950,"challenge_id":30,"user_id":87,"team_id":46},{"id":2010,"challenge_id":4,"user_id":28,"team_id":20},{"id":2014,"challenge_id":4,"user_id":75,"team_id":23},{"id":2026,"challenge_id":4,"user_id":23,"team_id":19},{"id":2029,"challenge_id":4,"user_id":46,"team_id":39},{"id":2031,"challenge_id":4,"user_id":61,"team_id":30},{"id":2033,"challenge_id":4,"user_id":69,"team_id":35},{"id":2060,"challenge_id":4,"user_id":59,"team_id":33},{"id":2083,"challenge_id":4,"user_id":39,"team_id":25},{"id":2091,"challenge_id":36,"user_id":87,"team_id":46},{"id":2109,"challenge_id":14,"user_id":36,"team_id":23},{"id":2115,"challenge_id":13,"user_id":54,"team_id":25},{"id":2119,"challenge_id":18,"user_id":48,"team_id":30},{"id":2127,"challenge_id":14,"user_id":46,"team_id":39},{"id":2128,"challenge_id":14,"user_id":28,"team_id":20},{"id":2132,"challenge_id":4,"user_id":83,"team_id":43},{"id":2135,"challenge_id":4,"user_id":65,"team_id":34},{"id":2151,"challenge_id":14,"user_id":87,"team_id":46},{"id":2188,"challenge_id":22,"user_id":87,"team_id":46},{"id":2190,"challenge_id":4,"user_id":32,"team_id":21},{"id":2208,"challenge_id":27,"user_id":40,"team_id":25},{"id":2334,"challenge_id":14,"user_id":48,"team_id":30},{"id":2335,"challenge_id":4,"user_id":87,"team_id":46},{"id":2340,"challenge_id":14,"user_id":54,"team_id":25},{"id":2344,"challenge_id":22,"user_id":68,"team_id":35},{"id":2351,"challenge_id":38,"user_id":23,"team_id":19},{"id":2445,"challenge_id":10,"user_id":39,"team_id":25},{"id":2468,"challenge_id":38,"user_id":36,"team_id":23},{"id":2469,"challenge_id":27,"user_id":23,"team_id":19},{"id":2472,"challenge_id":29,"user_id":87,"team_id":46},{"id":2548,"challenge_id":14,"user_id":23,"team_id":19},{"id":2553,"challenge_id":13,"user_id":87,"team_id":46},{"id":2612,"challenge_id":8,"user_id":40,"team_id":25},{"id":2651,"challenge_id":4,"user_id":33,"team_id":22},{"id":2755,"challenge_id":10,"user_id":65,"team_id":34},{"id":2758,"challenge_id":10,"user_id":48,"team_id":30},{"id":2792,"challenge_id":15,"user_id":48,"team_id":30},{"id":2809,"challenge_id":18,"user_id":36,"team_id":23},{"id":2825,"challenge_id":18,"user_id":33,"team_id":22},{"id":2835,"challenge_id":27,"user_id":33,"team_id":22},{"id":2892,"challenge_id":36,"user_id":65,"team_id":34},{"id":2900,"challenge_id":17,"user_id":33,"team_id":22},{"id":2949,"challenge_id":10,"user_id":50,"team_id":38},{"id":2950,"challenge_id":13,"user_id":27,"team_id":20},{"id":2965,"challenge_id":26,"user_id":49,"team_id":23},{"id":2966,"challenge_id":10,"user_id":36,"team_id":23},{"id":2975,"challenge_id":10,"user_id":52,"team_id":39},{"id":2976,"challenge_id":10,"user_id":28,"team_id":20},{"id":2978,"challenge_id":13,"user_id":49,"team_id":23},{"id":3012,"challenge_id":26,"user_id":45,"team_id":33},{"id":3021,"challenge_id":32,"user_id":41,"team_id":27},{"id":3025,"challenge_id":39,"user_id":41,"team_id":27},{"id":3056,"challenge_id":34,"user_id":41,"team_id":27},{"id":3060,"challenge_id":27,"user_id":28,"team_id":20},{"id":3065,"challenge_id":35,"user_id":41,"team_id":27},{"id":3074,"challenge_id":4,"user_id":41,"team_id":27},{"id":3075,"challenge_id":3,"user_id":41,"team_id":27},{"id":3083,"challenge_id":28,"user_id":41,"team_id":27},{"id":3098,"challenge_id":29,"user_id":41,"team_id":27},{"id":3131,"challenge_id":27,"user_id":36,"team_id":23},{"id":3174,"challenge_id":16,"user_id":31,"team_id":20},{"id":3176,"challenge_id":6,"user_id":75,"team_id":23},{"id":3177,"challenge_id":16,"user_id":49,"team_id":23},{"id":3181,"challenge_id":6,"user_id":31,"team_id":20},{"id":3213,"challenge_id":6,"user_id":70,"team_id":35},{"id":3219,"challenge_id":7,"user_id":31,"team_id":20},{"id":3221,"challenge_id":6,"user_id":81,"team_id":30},{"id":3224,"challenge_id":6,"user_id":52,"team_id":39},{"id":3225,"challenge_id":23,"user_id":31,"team_id":20},{"id":3228,"challenge_id":23,"user_id":36,"team_id":23},{"id":3237,"challenge_id":7,"user_id":49,"team_id":23},{"id":3238,"challenge_id":27,"user_id":48,"team_id":30},{"id":3243,"challenge_id":7,"user_id":23,"team_id":19},{"id":3251,"challenge_id":15,"user_id":41,"team_id":27},{"id":3254,"challenge_id":32,"user_id":37,"team_id":24},{"id":3256,"challenge_id":19,"user_id":49,"team_id":23},{"id":3276,"challenge_id":6,"user_id":55,"team_id":21},{"id":3280,"challenge_id":19,"user_id":27,"team_id":20},{"id":3287,"challenge_id":6,"user_id":23,"team_id":19},{"id":3292,"challenge_id":16,"user_id":41,"team_id":27},{"id":3303,"challenge_id":23,"user_id":59,"team_id":33},{"id":3313,"challenge_id":19,"user_id":24,"team_id":19},{"id":3317,"challenge_id":16,"user_id":25,"team_id":19},{"id":3318,"challenge_id":6,"user_id":38,"team_id":25},{"id":3347,"challenge_id":6,"user_id":83,"team_id":43},{"id":3358,"challenge_id":13,"user_id":61,"team_id":30},{"id":3366,"challenge_id":10,"user_id":24,"team_id":19},{"id":3387,"challenge_id":10,"user_id":55,"team_id":21},{"id":3419,"challenge_id":20,"user_id":45,"team_id":33},{"id":3430,"challenge_id":6,"user_id":87,"team_id":46},{"id":3447,"challenge_id":23,"user_id":61,"team_id":30},{"id":3458,"challenge_id":7,"user_id":40,"team_id":25},{"id":3460,"challenge_id":32,"user_id":90,"team_id":48},{"id":3469,"challenge_id":15,"user_id":55,"team_id":21},{"id":3481,"challenge_id":23,"user_id":40,"team_id":25},{"id":3492,"challenge_id":23,"user_id":83,"team_id":43},{"id":3496,"challenge_id":13,"user_id":26,"team_id":19},{"id":3500,"challenge_id":26,"user_id":81,"team_id":30},{"id":3515,"challenge_id":16,"user_id":48,"team_id":30},{"id":3542,"challenge_id":13,"user_id":55,"team_id":21},{"id":3548,"challenge_id":3,"user_id":73,"team_id":36},{"id":3559,"challenge_id":26,"user_id":25,"team_id":19},{"id":3561,"challenge_id":32,"user_id":91,"team_id":49},{"id":3571,"challenge_id":3,"user_id":91,"team_id":49},{"id":3585,"challenge_id":16,"user_id":39,"team_id":25},{"id":3590,"challenge_id":38,"user_id":41,"team_id":27},{"id":3601,"challenge_id":19,"user_id":45,"team_id":33},{"id":3603,"challenge_id":37,"user_id":87,"team_id":46},{"id":3655,"challenge_id":19,"user_id":48,"team_id":30},{"id":3660,"challenge_id":6,"user_id":33,"team_id":22},{"id":3668,"challenge_id":16,"user_id":46,"team_id":39},{"id":3674,"challenge_id":14,"user_id":56,"team_id":21},{"id":3682,"challenge_id":17,"user_id":41,"team_id":27},{"id":3724,"challenge_id":19,"user_id":54,"team_id":25},{"id":3727,"challenge_id":27,"user_id":46,"team_id":39},{"id":3748,"challenge_id":7,"user_id":87,"team_id":46},{"id":3772,"challenge_id":14,"user_id":45,"team_id":33},{"id":3827,"challenge_id":6,"user_id":62,"team_id":34},{"id":3828,"challenge_id":27,"user_id":45,"team_id":33},{"id":3848,"challenge_id":19,"user_id":46,"team_id":39},{"id":3855,"challenge_id":7,"user_id":46,"team_id":39},{"id":3856,"challenge_id":7,"user_id":60,"team_id":33},{"id":3864,"challenge_id":27,"user_id":32,"team_id":21},{"id":3870,"challenge_id":6,"user_id":41,"team_id":27},{"id":3872,"challenge_id":23,"user_id":65,"team_id":34},{"id":3887,"challenge_id":32,"user_id":74,"team_id":37},{"id":3891,"challenge_id":30,"user_id":41,"team_id":27},{"id":3938,"challenge_id":23,"user_id":46,"team_id":39},{"id":3941,"challenge_id":6,"user_id":45,"team_id":33},{"id":3947,"challenge_id":8,"user_id":56,"team_id":21},{"id":3953,"challenge_id":19,"user_id":56,"team_id":21},{"id":3954,"challenge_id":3,"user_id":94,"team_id":52},{"id":3958,"challenge_id":4,"user_id":94,"team_id":52},{"id":3959,"challenge_id":18,"user_id":40,"team_id":25},{"id":3960,"challenge_id":29,"user_id":45,"team_id":33},{"id":3963,"challenge_id":7,"user_id":83,"team_id":43},{"id":3968,"challenge_id":7,"user_id":65,"team_id":34},{"id":3977,"challenge_id":20,"user_id":41,"team_id":27},{"id":4012,"challenge_id":37,"user_id":68,"team_id":35},{"id":4014,"challenge_id":26,"user_id":93,"team_id":51},{"id":4028,"challenge_id":26,"user_id":40,"team_id":25},{"id":4038,"challenge_id":10,"user_id":83,"team_id":43},{"id":4041,"challenge_id":20,"user_id":38,"team_id":25},{"id":4057,"challenge_id":7,"user_id":61,"team_id":30},{"id":4060,"challenge_id":39,"user_id":74,"team_id":37},{"id":4080,"challenge_id":28,"user_id":94,"team_id":52},{"id":4086,"challenge_id":7,"user_id":56,"team_id":21},{"id":4094,"challenge_id":36,"user_id":83,"team_id":43},{"id":4132,"challenge_id":23,"user_id":41,"team_id":27},{"id":4143,"challenge_id":38,"user_id":87,"team_id":46},{"id":4152,"challenge_id":7,"user_id":41,"team_id":27},{"id":4159,"challenge_id":20,"user_id":32,"team_id":21},{"id":4163,"challenge_id":23,"user_id":26,"team_id":19},{"id":4210,"challenge_id":19,"user_id":41,"team_id":27},{"id":4233,"challenge_id":36,"user_id":41,"team_id":27},{"id":4241,"challenge_id":29,"user_id":32,"team_id":21},{"id":4242,"challenge_id":38,"user_id":83,"team_id":43},{"id":4246,"challenge_id":38,"user_id":65,"team_id":34},{"id":4247,"challenge_id":14,"user_id":66,"team_id":35},{"id":4257,"challenge_id":28,"user_id":95,"team_id":53},{"id":4258,"challenge_id":3,"user_id":95,"team_id":53},{"id":4284,"challenge_id":14,"user_id":83,"team_id":43},{"id":4285,"challenge_id":14,"user_id":65,"team_id":34},{"id":4294,"challenge_id":18,"user_id":32,"team_id":21},{"id":4297,"challenge_id":16,"user_id":32,"team_id":21},{"id":4303,"challenge_id":32,"user_id":92,"team_id":50},{"id":4306,"challenge_id":13,"user_id":83,"team_id":43},{"id":4307,"challenge_id":23,"user_id":87,"team_id":46},{"id":4308,"challenge_id":13,"user_id":65,"team_id":34},{"id":4312,"challenge_id":26,"user_id":32,"team_id":21},{"id":4484,"challenge_id":31,"user_id":24,"team_id":19},{"id":4502,"challenge_id":3,"user_id":74,"team_id":37},{"id":4513,"challenge_id":31,"user_id":39,"team_id":25},{"id":4516,"challenge_id":3,"user_id":96,"team_id":54},{"id":4522,"challenge_id":9,"user_id":75,"team_id":23},{"id":4523,"challenge_id":4,"user_id":96,"team_id":54},{"id":4524,"challenge_id":31,"user_id":48,"team_id":30},{"id":4527,"challenge_id":31,"user_id":83,"team_id":43},{"id":4528,"challenge_id":31,"user_id":49,"team_id":23},{"id":4530,"challenge_id":35,"user_id":96,"team_id":54},{"id":4531,"challenge_id":31,"user_id":65,"team_id":34},{"id":4538,"challenge_id":31,"user_id":33,"team_id":22},{"id":4539,"challenge_id":31,"user_id":31,"team_id":20},{"id":4540,"challenge_id":34,"user_id":96,"team_id":54},{"id":4542,"challenge_id":39,"user_id":96,"team_id":54},{"id":4544,"challenge_id":9,"user_id":31,"team_id":20},{"id":4546,"challenge_id":9,"user_id":81,"team_id":30},{"id":4547,"challenge_id":39,"user_id":37,"team_id":24},{"id":4549,"challenge_id":9,"user_id":40,"team_id":25},{"id":4552,"challenge_id":9,"user_id":23,"team_id":19},{"id":4553,"challenge_id":31,"user_id":70,"team_id":35},{"id":4558,"challenge_id":31,"user_id":87,"team_id":46},{"id":4569,"challenge_id":24,"user_id":25,"team_id":19},{"id":4589,"challenge_id":28,"user_id":37,"team_id":24},{"id":4600,"challenge_id":31,"user_id":60,"team_id":33},{"id":4603,"challenge_id":27,"user_id":91,"team_id":49},{"id":4607,"challenge_id":31,"user_id":46,"team_id":39},{"id":4620,"challenge_id":18,"user_id":65,"team_id":34},{"id":4625,"challenge_id":13,"user_id":73,"team_id":36},{"id":4628,"challenge_id":18,"user_id":83,"team_id":43},{"id":4631,"challenge_id":31,"user_id":41,"team_id":27},{"id":4632,"challenge_id":8,"user_id":97,"team_id":55},{"id":4635,"challenge_id":22,"user_id":97,"team_id":55},{"id":4637,"challenge_id":14,"user_id":91,"team_id":49},{"id":4644,"challenge_id":3,"user_id":97,"team_id":55},{"id":4653,"challenge_id":31,"user_id":91,"team_id":49},{"id":4659,"challenge_id":23,"user_id":97,"team_id":55},{"id":4665,"challenge_id":9,"user_id":83,"team_id":43},{"id":4668,"challenge_id":9,"user_id":65,"team_id":34},{"id":4672,"challenge_id":36,"user_id":72,"team_id":36},{"id":4680,"challenge_id":39,"user_id":50,"team_id":38},{"id":4697,"challenge_id":37,"user_id":41,"team_id":27},{"id":4698,"challenge_id":9,"user_id":46,"team_id":39},{"id":4702,"challenge_id":32,"user_id":97,"team_id":55},{"id":4725,"challenge_id":8,"user_id":66,"team_id":35},{"id":4730,"challenge_id":9,"user_id":32,"team_id":21},{"id":4743,"challenge_id":31,"user_id":32,"team_id":21},{"id":4804,"challenge_id":19,"user_id":83,"team_id":43},{"id":4805,"challenge_id":19,"user_id":65,"team_id":34},{"id":4817,"challenge_id":24,"user_id":61,"team_id":30},{"id":4825,"challenge_id":26,"user_id":83,"team_id":43},{"id":4827,"challenge_id":26,"user_id":65,"team_id":34},{"id":4884,"challenge_id":14,"user_id":99,"team_id":27},{"id":4933,"challenge_id":27,"user_id":83,"team_id":43},{"id":4935,"challenge_id":27,"user_id":65,"team_id":34},{"id":5026,"challenge_id":23,"user_id":32,"team_id":21},{"id":5075,"challenge_id":32,"user_id":22,"team_id":18}],"meta":{}}