{"count":35,"results":[{"id":2,"oauth_id":null,"name":"Bla Bla Bla","email":null,"password":"$bcrypt-sha256$v=2,t=2b,r=12$fPMkJrnNwF1Oe8lWV9CUBO$MtIjzai1nxjz.t9S9Sgj4kaB0f.Z2R6","secret":null,"website":null,"affiliation":null,"country":null,"bracket":null,"hidden":1,"banned":0,"created":"2023-06-21T06:43:29.252099","captain_id":1},{"id":18,"oauth_id":null,"name":"Admin","email":null,"password":"$bcrypt-sha256$v=2,t=2b,r=12$BsNkn//dd66zVwh1RNSSWu$zm2phYAn7mIFGTjClmrg0RaL8HURcMW","secret":null,"website":null,"affiliation":null,"country":null,"bracket":null,"hidden":1,"banned":0,"created":"2023-07-15T06:55:05.428117","captain_id":22},{"id":19,"oauth_id":null,"name":"Jerry","email":null,"password":"$bcrypt-sha256$v=2,t=2b,r=12$Rcbo2L80jAVBxlpGxJEESe$y3k5..ukeRE6asd1DTChBwHEz5Fa0yK","secret":null,"website":null,"affiliation":null,"country":null,"bracket":null,"hidden":0,"banned":0,"created":"2023-07-15T15:18:35.855580","captain_id":23},{"id":20,"oauth_id":null,"name":"samachar and memes","email":null,"password":"$bcrypt-sha256$v=2,t=2b,r=12$qMypAIIU61r1Gu9dW.hQpO$U36.ZVN2Vey/qYbBqcBhbK.O5ZAjidW","secret":null,"website":null,"affiliation":null,"country":null,"bracket":null,"hidden":0,"banned":0,"created":"2023-07-16T04:34:10.895618","captain_id":27},{"id":21,"oauth_id":null,"name":"knight walker","email":null,"password":"$bcrypt-sha256$v=2,t=2b,r=12$rUTIMSEfaS2tDvYTICBU0u$6NPZOUtMy1Jjp18dgHyHMVxD3TGy2.C","secret":null,"website":null,"affiliation":null,"country":null,"bracket":null,"hidden":0,"banned":0,"created":"2023-07-17T14:12:18.440844","captain_id":32},{"id":22,"oauth_id":null,"name":"Bumblebee","email":null,"password":"$bcrypt-sha256$v=2,t=2b,r=12$Ifc2BkbK..nOlftd6o1Iv.$o1mjxg03LHiQwc6.E0Jp3NtczqTmnRy","secret":null,"website":null,"affiliation":null,"country":null,"bracket":null,"hidden":0,"banned":0,"created":"2023-07-17T15:35:55.722207","captain_id":33},{"id":23,"oauth_id":null,"name":"Hack@Sec","email":null,"password":"$bcrypt-sha256$v=2,t=2b,r=12$iZjAh1WyALAv.zXkUZfcGe$sr39xB3GFBnTHMlHJicrCHqKr0NNxHC","secret":null,"website":null,"affiliation":null,"country":null,"bracket":null,"hidden":0,"banned":0,"created":"2023-07-18T03:20:49.159298","captain_id":36},{"id":24,"oauth_id":null,"name":"Team Kathford","email":null,"password":"$bcrypt-sha256$v=2,t=2b,r=12$aMsLcleGBi/qlpvDpgnh0e$fZ6qYpVVcPyBxf5JvQzvMIJbWHNt9ru","secret":null,"website":null,"affiliation":null,"country":null,"bracket":null,"hidden":0,"banned":0,"created":"2023-07-18T04:24:03.076302","captain_id":37},{"id":25,"oauth_id":null,"name":"Ctrl Alt Del","email":null,"password":"$bcrypt-sha256$v=2,t=2b,r=12$Ad34U31.lK.p2vry/pSsxu$AEN1laKhpzktRT/J.XDslB.2oAd4HYi","secret":null,"website":"","affiliation":"","country":"","bracket":null,"hidden":0,"banned":0,"created":"2023-07-18T04:26:09.436384","captain_id":40},{"id":27,"oauth_id":null,"name":"Dr34d Pir413 R083r15","email":null,"password":"$bcrypt-sha256$v=2,t=2b,r=12$qmum8YN6yIYBgdR0xicHNu$O8zd57scIznJQDeaL5.s4lPKissZ99m","secret":null,"website":"","affiliation":"","country":"NP","bracket":null,"hidden":0,"banned":0,"created":"2023-07-18T06:35:32.611264","captain_id":41},{"id":28,"oauth_id":null,"name":"BCT-075","email":null,"password":"$bcrypt-sha256$v=2,t=2b,r=12$Z0mIcjw72Q1.NjwPfgfk..$8RQnt2ZTIuPvINTA2A9F251tQhpYA8W","secret":null,"website":null,"affiliation":null,"country":null,"bracket":null,"hidden":0,"banned":0,"created":"2023-07-18T07:22:54.827937","captain_id":44},{"id":30,"oauth_id":null,"name":"V-N0D3","email":null,"password":"$bcrypt-sha256$v=2,t=2b,r=12$ZQyVu97399nIlhGbFY1gMe$o.AE2aM3nGgUcqocxwY5tAAPLQDvWtO","secret":null,"website":"","affiliation":"","country":"NP","bracket":null,"hidden":0,"banned":0,"created":"2023-07-18T07:40:25.263455","captain_id":48},{"id":33,"oauth_id":null,"name":"J Pai Tei","email":null,"password":"$bcrypt-sha256$v=2,t=2b,r=12$c0SeGAQ/ajVgV.S40mSsdO$96xA6XjovxLsZzqO/xcbVszbigZ3Rqq","secret":null,"website":null,"affiliation":null,"country":null,"bracket":null,"hidden":0,"banned":0,"created":"2023-07-18T12:07:41.032929","captain_id":59},{"id":34,"oauth_id":null,"name":"ELITE","email":null,"password":"$bcrypt-sha256$v=2,t=2b,r=12$iH3DWB/gYtZYPzYmrDp4eu$4X0s.a8b0UTf7Yk6lpb6JrvrIvR02wC","secret":null,"website":null,"affiliation":null,"country":null,"bracket":null,"hidden":0,"banned":0,"created":"2023-07-18T13:34:43.746000","captain_id":62},{"id":35,"oauth_id":null,"name":"Enigma Elite","email":null,"password":"$bcrypt-sha256$v=2,t=2b,r=12$Bo1yWWjjZ46oOV5iYG.pe.$BY.7a9ZhuF3siHsqnsF4KJrOW2yNFpy","secret":null,"website":null,"affiliation":null,"country":null,"bracket":null,"hidden":0,"banned":0,"created":"2023-07-18T16:07:51.683259","captain_id":66},{"id":36,"oauth_id":null,"name":"Bit kings","email":null,"password":"$bcrypt-sha256$v=2,t=2b,r=12$I/fzz0wbkgBA9ySzRjHg7e$S2obvtgbGzJ9TasLCVi7LZbUosB0qqG","secret":null,"website":null,"affiliation":null,"country":null,"bracket":null,"hidden":0,"banned":0,"created":"2023-07-19T01:34:49.781890","captain_id":71},{"id":37,"oauth_id":null,"name":"team T","email":null,"password":"$bcrypt-sha256$v=2,t=2b,r=12$dVDVcgC1kRn6SmUJBin3yO$hJiGjszrGxTR0KA/Qo04VnpkiaRu4tq","secret":null,"website":null,"affiliation":null,"country":null,"bracket":null,"hidden":0,"banned":0,"created":"2023-07-19T02:57:49.708137","captain_id":74},{"id":38,"oauth_id":null,"name":"ELFxBinary","email":null,"password":"$bcrypt-sha256$v=2,t=2b,r=12$3JtAn8ejngP7MBoF4us9ve$O4Q6D8f3R1oKFnT15yeGGiPOQiTB1Jy","secret":null,"website":null,"affiliation":null,"country":null,"bracket":null,"hidden":0,"banned":0,"created":"2023-07-19T06:16:51.954297","captain_id":50},{"id":39,"oauth_id":null,"name":"Swifty","email":null,"password":"$bcrypt-sha256$v=2,t=2b,r=12$yruvSMIUhGzW8iw.2z7Lz.$F.ExMCm/shEOuos55CvB3pnvQy7QBr6","secret":null,"website":"","affiliation":"","country":"NP","bracket":null,"hidden":0,"banned":0,"created":"2023-07-19T08:27:03.083082","captain_id":46},{"id":40,"oauth_id":null,"name":"CTF Team","email":null,"password":"$bcrypt-sha256$v=2,t=2b,r=12$9kIBn/yab1VVKXabwJ1aqe$wAazUqv8tcTa7p.NcJKMGbF2xyBxJyi","secret":null,"website":null,"affiliation":null,"country":null,"bracket":null,"hidden":0,"banned":0,"created":"2023-07-19T08:57:25.454841","captain_id":null},{"id":41,"oauth_id":null,"name":"[object Object]","email":null,"password":"$bcrypt-sha256$v=2,t=2b,r=12$C6O1sgzVpc50y2Zp.NV9NO$AlKdufRaD.TpNFWqg3.An3Qu8cWqK7i","secret":null,"website":null,"affiliation":null,"country":null,"bracket":null,"hidden":0,"banned":0,"created":"2023-07-19T10:49:24.049716","captain_id":80},{"id":42,"oauth_id":null,"name":"Sandeep","email":null,"password":"$bcrypt-sha256$v=2,t=2b,r=12$0ybH4G0WkLUQ7nTksjdd/.$pkeBPCRWAtA/9Vti6du4NIt5/EbEOdi","secret":null,"website":null,"affiliation":null,"country":null,"bracket":null,"hidden":0,"banned":0,"created":"2023-07-19T11:15:59.178367","captain_id":82},{"id":43,"oauth_id":null,"name":"Nikesh","email":null,"password":"$bcrypt-sha256$v=2,t=2b,r=12$dQcJQ4T3zjNCt0S1umZXiu$Htbxvq7D2PHtLrSzxD0RX/b8XhQ14Ke","secret":null,"website":null,"affiliation":null,"country":null,"bracket":null,"hidden":0,"banned":0,"created":"2023-07-19T11:18:45.363896","captain_id":83},{"id":44,"oauth_id":null,"name":"test","email":null,"password":"$bcrypt-sha256$v=2,t=2b,r=12$9Quaq0X9w5XZ9FrJe9JyrO$Ov7icxCw9WpGm2D0tzEi8vtv4jeqytW","secret":null,"website":null,"affiliation":null,"country":null,"bracket":null,"hidden":0,"banned":0,"created":"2023-07-19T11:57:49.065582","captain_id":84},{"id":45,"oauth_id":null,"name":"Ode To Code","email":null,"password":"$bcrypt-sha256$v=2,t=2b,r=12$NVdNjRa2dew09Gj/iMPBAu$iXhi6yj75vxRXAoKzVjzp7bVNbiMWkm","secret":null,"website":null,"affiliation":null,"country":null,"bracket":null,"hidden":0,"banned":0,"created":"2023-07-19T15:40:52.231773","captain_id":86},{"id":46,"oauth_id":null,"name":"ekxin ako herna","email":null,"password":"$bcrypt-sha256$v=2,t=2b,r=12$kKnIFsHLou6SyVGig3XZfO$2cEzGcXDWk7TN.lI49CTadilLliRA6K","secret":null,"website":null,"affiliation":null,"country":null,"bracket":null,"hidden":0,"banned":0,"created":"2023-07-19T17:00:11.442334","captain_id":87},{"id":47,"oauth_id":null,"name":"man","email":null,"password":"$bcrypt-sha256$v=2,t=2b,r=12$gkwLvNLwo8bSCzH5hCpKVe$Qzk4zLmm3B4UH1a6eahcGDwLN/lh6e2","secret":null,"website":null,"affiliation":null,"country":null,"bracket":null,"hidden":0,"banned":0,"created":"2023-07-20T04:04:08.097726","captain_id":88},{"id":48,"oauth_id":null,"name":"Cipher","email":null,"password":"$bcrypt-sha256$v=2,t=2b,r=12$pkesqUNOEtjzj2LDJydx4.$GqDHvMxROV64g.Vo8O7WVbFlOmp3BvG","secret":null,"website":null,"affiliation":null,"country":null,"bracket":null,"hidden":0,"banned":0,"created":"2023-07-20T05:05:03.604984","captain_id":90},{"id":49,"oauth_id":null,"name":"Hitech","email":null,"password":"$bcrypt-sha256$v=2,t=2b,r=12$8h5w7FwjHr1QzH.pnwbXPe$S/nhrbLuoytdr7a9fmqUdAUaUVpmy3.","secret":null,"website":null,"affiliation":null,"country":null,"bracket":null,"hidden":0,"banned":0,"created":"2023-07-20T05:39:58.181029","captain_id":91},{"id":50,"oauth_id":null,"name":"is0pp","email":null,"password":"$bcrypt-sha256$v=2,t=2b,r=12$tkTl2.P98LEjE8slNLE2be$gqr.2Ba5kczDBAWLQYvf9JcWEtg2BjC","secret":null,"website":null,"affiliation":null,"country":null,"bracket":null,"hidden":0,"banned":0,"created":"2023-07-20T07:05:56.157111","captain_id":92},{"id":51,"oauth_id":null,"name":"NamelessPros","email":null,"password":"$bcrypt-sha256$v=2,t=2b,r=12$8rR95pst7RaYhd6L7wkO.O$8HvhO.xJ7pEtTWQpyhc0Z5es9EWb7mC","secret":null,"website":null,"affiliation":null,"country":null,"bracket":null,"hidden":0,"banned":0,"created":"2023-07-20T07:40:04.750126","captain_id":93},{"id":52,"oauth_id":null,"name":"shyam","email":null,"password":"$bcrypt-sha256$v=2,t=2b,r=12$514bynHrW46YuOQJwmIpBe$nN73IB5nyEUre.HyB15mhYJEw8z7veC","secret":null,"website":null,"affiliation":null,"country":null,"bracket":null,"hidden":0,"banned":0,"created":"2023-07-20T08:53:25.443939","captain_id":94},{"id":53,"oauth_id":null,"name":"hi","email":null,"password":"$bcrypt-sha256$v=2,t=2b,r=12$nQ8eJEPcJ/.MZGj/fpKlWO$s.pSuSLnjFbwWqv4/gk/HW8LVNejeOW","secret":null,"website":null,"affiliation":null,"country":null,"bracket":null,"hidden":0,"banned":0,"created":"2023-07-20T11:35:51.311444","captain_id":95},{"id":54,"oauth_id":null,"name":"S4NK4LP4_B4R41_IS_HERE","email":null,"password":"$bcrypt-sha256$v=2,t=2b,r=12$qfl64DPeM2JbJj7k9upex.$iZQ1GuN7TO5WANQxaDStepzL2HUyt5C","secret":null,"website":null,"affiliation":null,"country":null,"bracket":null,"hidden":0,"banned":0,"created":"2023-07-20T13:20:41.922813","captain_id":96},{"id":55,"oauth_id":null,"name":"achha hey","email":null,"password":"$bcrypt-sha256$v=2,t=2b,r=12$6M1Hsx4deNiMMp7wGq1FEu$SPigMiU/WgakfdNhiKnXdGvCfTSXkpO","secret":null,"website":null,"affiliation":null,"country":null,"bracket":null,"hidden":0,"banned":0,"created":"2023-07-20T14:41:50.106694","captain_id":97}],"meta":{}}