{"count":56,"results":[{"id":6,"user_id":1,"team_id":2,"target":5,"date":"2023-07-01T11:24:37.710484","type":"hints"},{"id":7,"user_id":1,"team_id":2,"target":10,"date":"2023-07-01T12:57:46.016753","type":"hints"},{"id":8,"user_id":1,"team_id":2,"target":9,"date":"2023-07-01T12:57:56.389472","type":"hints"},{"id":9,"user_id":41,"team_id":27,"target":21,"date":"2023-07-20T04:02:12.277392","type":"hints"},{"id":10,"user_id":66,"team_id":35,"target":30,"date":"2023-07-20T05:22:42.196313","type":"hints"},{"id":11,"user_id":41,"team_id":27,"target":28,"date":"2023-07-20T05:39:44.134306","type":"hints"},{"id":12,"user_id":41,"team_id":27,"target":29,"date":"2023-07-20T05:39:56.241564","type":"hints"},{"id":13,"user_id":41,"team_id":27,"target":22,"date":"2023-07-20T06:21:54.785444","type":"hints"},{"id":14,"user_id":62,"team_id":34,"target":4,"date":"2023-07-20T07:36:07.119076","type":"hints"},{"id":15,"user_id":41,"team_id":27,"target":25,"date":"2023-07-20T08:37:54.063753","type":"hints"},{"id":16,"user_id":41,"team_id":27,"target":26,"date":"2023-07-20T08:37:59.091858","type":"hints"},{"id":17,"user_id":41,"team_id":27,"target":27,"date":"2023-07-20T08:38:05.119832","type":"hints"},{"id":18,"user_id":94,"team_id":52,"target":30,"date":"2023-07-20T08:53:48.912944","type":"hints"},{"id":19,"user_id":94,"team_id":52,"target":25,"date":"2023-07-20T08:54:03.872758","type":"hints"},{"id":20,"user_id":94,"team_id":52,"target":26,"date":"2023-07-20T08:54:59.662226","type":"hints"},{"id":21,"user_id":94,"team_id":52,"target":27,"date":"2023-07-20T08:55:04.799569","type":"hints"},{"id":22,"user_id":41,"team_id":27,"target":30,"date":"2023-07-20T09:16:43.313002","type":"hints"},{"id":23,"user_id":41,"team_id":27,"target":5,"date":"2023-07-20T09:27:56.392571","type":"hints"},{"id":24,"user_id":94,"team_id":52,"target":5,"date":"2023-07-20T09:29:06.305701","type":"hints"},{"id":25,"user_id":94,"team_id":52,"target":9,"date":"2023-07-20T09:29:12.235241","type":"hints"},{"id":26,"user_id":41,"team_id":27,"target":9,"date":"2023-07-20T09:29:14.216821","type":"hints"},{"id":27,"user_id":41,"team_id":27,"target":18,"date":"2023-07-20T09:29:39.709451","type":"hints"},{"id":28,"user_id":41,"team_id":27,"target":13,"date":"2023-07-20T09:52:20.292682","type":"hints"},{"id":29,"user_id":41,"team_id":27,"target":15,"date":"2023-07-20T09:52:34.179399","type":"hints"},{"id":30,"user_id":41,"team_id":27,"target":12,"date":"2023-07-20T10:02:09.466972","type":"hints"},{"id":31,"user_id":41,"team_id":27,"target":19,"date":"2023-07-20T11:14:06.676495","type":"hints"},{"id":32,"user_id":95,"team_id":53,"target":13,"date":"2023-07-20T11:37:25.147023","type":"hints"},{"id":33,"user_id":95,"team_id":53,"target":15,"date":"2023-07-20T11:37:28.071655","type":"hints"},{"id":34,"user_id":95,"team_id":53,"target":17,"date":"2023-07-20T11:37:34.006276","type":"hints"},{"id":35,"user_id":95,"team_id":53,"target":21,"date":"2023-07-20T11:37:59.921983","type":"hints"},{"id":36,"user_id":41,"team_id":27,"target":17,"date":"2023-07-20T11:45:07.808055","type":"hints"},{"id":37,"user_id":41,"team_id":27,"target":31,"date":"2023-07-20T11:59:46.935066","type":"hints"},{"id":38,"user_id":50,"team_id":38,"target":11,"date":"2023-07-20T13:13:31.464888","type":"hints"},{"id":39,"user_id":50,"team_id":38,"target":6,"date":"2023-07-20T13:13:59.263283","type":"hints"},{"id":40,"user_id":50,"team_id":38,"target":7,"date":"2023-07-20T13:14:17.376911","type":"hints"},{"id":41,"user_id":50,"team_id":38,"target":8,"date":"2023-07-20T13:14:33.306037","type":"hints"},{"id":42,"user_id":74,"team_id":37,"target":6,"date":"2023-07-20T13:16:04.253180","type":"hints"},{"id":43,"user_id":74,"team_id":37,"target":7,"date":"2023-07-20T13:16:56.300485","type":"hints"},{"id":44,"user_id":74,"team_id":37,"target":8,"date":"2023-07-20T13:17:37.204161","type":"hints"},{"id":45,"user_id":41,"team_id":27,"target":32,"date":"2023-07-20T14:44:49.847868","type":"hints"},{"id":46,"user_id":97,"team_id":55,"target":12,"date":"2023-07-20T14:50:28.610737","type":"hints"},{"id":47,"user_id":97,"team_id":55,"target":6,"date":"2023-07-20T14:58:05.842208","type":"hints"},{"id":48,"user_id":97,"team_id":55,"target":7,"date":"2023-07-20T14:58:26.879608","type":"hints"},{"id":49,"user_id":97,"team_id":55,"target":8,"date":"2023-07-20T14:58:38.075808","type":"hints"},{"id":50,"user_id":97,"team_id":55,"target":13,"date":"2023-07-20T15:07:08.347310","type":"hints"},{"id":51,"user_id":97,"team_id":55,"target":15,"date":"2023-07-20T15:07:14.519126","type":"hints"},{"id":52,"user_id":97,"team_id":55,"target":17,"date":"2023-07-20T15:08:08.730587","type":"hints"},{"id":53,"user_id":97,"team_id":55,"target":21,"date":"2023-07-20T15:11:53.567726","type":"hints"},{"id":54,"user_id":97,"team_id":55,"target":28,"date":"2023-07-20T15:12:11.182230","type":"hints"},{"id":55,"user_id":97,"team_id":55,"target":29,"date":"2023-07-20T15:12:27.982843","type":"hints"},{"id":56,"user_id":41,"team_id":27,"target":6,"date":"2023-07-20T15:53:15.991186","type":"hints"},{"id":57,"user_id":41,"team_id":27,"target":7,"date":"2023-07-20T15:53:20.995814","type":"hints"},{"id":58,"user_id":41,"team_id":27,"target":8,"date":"2023-07-20T16:18:56.410096","type":"hints"},{"id":59,"user_id":68,"team_id":35,"target":11,"date":"2023-07-21T02:04:16.313027","type":"hints"},{"id":60,"user_id":36,"team_id":23,"target":3,"date":"2023-07-22T17:49:27.337194","type":"hints"},{"id":61,"user_id":36,"team_id":23,"target":2,"date":"2023-07-22T17:56:34.647219","type":"hints"}],"meta":{}}