{"count":80,"results":[{"id":1,"oauth_id":null,"name":"sahrohit","password":"$bcrypt-sha256$v=2,t=2b,r=12$LYfe9ZhwIO2GuUcmFstfh.$t7CeS0XNcT4uE4omRK44SN6sAUBZviS","email":"sahrohit9586@gmail.com","type":"admin","secret":null,"website":"https://sahrohit.com.np","affiliation":null,"country":"NP","bracket":null,"hidden":1,"banned":0,"verified":0,"team_id":2,"created":"2023-06-20T21:52:23.323253","language":null},{"id":22,"oauth_id":null,"name":"avintimilsina","password":"$bcrypt-sha256$v=2,t=2b,r=12$Q7iI2DzG4u8WE1.q7uY8p.$Y3nBki9XaGBWfiZWJ0ZMCw7scb51LWu","email":"avin.timilsina.16@gmail.com","type":"admin","secret":null,"website":null,"affiliation":null,"country":null,"bracket":null,"hidden":0,"banned":0,"verified":0,"team_id":18,"created":"2023-07-15T06:53:55.139590","language":null},{"id":23,"oauth_id":null,"name":"Aayush Dangol","password":"$bcrypt-sha256$v=2,t=2b,r=12$7l/ObRa2/Lndbqq/hRa/d.$NBObVwKhZ1ga.AMXk7KdGjafhNe4KC.","email":"facelesscommunity16@gmail.com","type":"user","secret":null,"website":null,"affiliation":null,"country":null,"bracket":null,"hidden":0,"banned":0,"verified":0,"team_id":19,"created":"2023-07-15T15:18:09.818115","language":null},{"id":24,"oauth_id":null,"name":"Abiral Bhattarai","password":"$bcrypt-sha256$v=2,t=2b,r=12$EnaWDMdRM/GRG.6w5QwPje$0l1EU2O/dvpQne6guVzPU7PHL6icI8S","email":"abiralbhattarai101@gmail.com","type":"user","secret":null,"website":null,"affiliation":null,"country":"NP","bracket":null,"hidden":0,"banned":0,"verified":0,"team_id":19,"created":"2023-07-15T15:52:37.062606","language":null},{"id":25,"oauth_id":null,"name":"Dipesh Thapa","password":"$bcrypt-sha256$v=2,t=2b,r=12$1yZEa5ywPItvqwwGy46Cm.$iy69sz0i3DveWCMEazeKCtxo/T.kzuq","email":"thapadipesh2058@gmail.com","type":"user","secret":null,"website":null,"affiliation":null,"country":null,"bracket":null,"hidden":0,"banned":0,"verified":0,"team_id":19,"created":"2023-07-15T15:55:16.653990","language":null},{"id":26,"oauth_id":null,"name":"kabin119","password":"$bcrypt-sha256$v=2,t=2b,r=12$2jodYm8/Uw.tk2kUVKnkSO$1ayBmMZLjK.nrhl1eEA.BMf/nGrMdPC","email":"girikabin505@gmail.com","type":"user","secret":null,"website":null,"affiliation":null,"country":null,"bracket":null,"hidden":0,"banned":0,"verified":0,"team_id":19,"created":"2023-07-15T15:58:28.235104","language":null},{"id":27,"oauth_id":null,"name":"localhost","password":"$bcrypt-sha256$v=2,t=2b,r=12$TBGivO1z1/0qbL2rSNt6iu$GviAiA7boXB/3v.la7ahjVdQ78ifHKO","email":"manrabindra@gmail.com","type":"user","secret":null,"website":null,"affiliation":null,"country":"NP","bracket":null,"hidden":0,"banned":0,"verified":0,"team_id":20,"created":"2023-07-16T04:33:21.849549","language":null},{"id":28,"oauth_id":null,"name":"\u03c0","password":"$bcrypt-sha256$v=2,t=2b,r=12$zb4S.UzLBri.6QZ/oi4QV.$Lop9tUCBe27wSFbQlSygO5y6bmDaOIe","email":"bimaldhital+ctf@gmail.com","type":"user","secret":null,"website":null,"affiliation":null,"country":"JP","bracket":null,"hidden":0,"banned":0,"verified":0,"team_id":20,"created":"2023-07-16T04:39:11.730795","language":null},{"id":29,"oauth_id":null,"name":"dared3vil","password":"$bcrypt-sha256$v=2,t=2b,r=12$mJFMaCSFst3oRrTzX92oOe$q7fEASIExvty9/3BsnAYsPtk0xqBob2","email":"dhunganabibek28@gmail.com","type":"user","secret":null,"website":null,"affiliation":null,"country":null,"bracket":null,"hidden":0,"banned":0,"verified":0,"team_id":20,"created":"2023-07-16T07:07:05.882788","language":null},{"id":30,"oauth_id":null,"name":"rambhajan","password":"$bcrypt-sha256$v=2,t=2b,r=12$VKEBjEpAbEXovCFFSjG7Ee$ys7ndH4P6aEYi3U6g4QxxBtjsv8dqDy","email":"regmicmahesh+ctf@gmail.com","type":"user","secret":null,"website":null,"affiliation":null,"country":null,"bracket":null,"hidden":0,"banned":0,"verified":0,"team_id":null,"created":"2023-07-16T13:44:16.796756","language":null},{"id":31,"oauth_id":null,"name":"harihari","password":"$bcrypt-sha256$v=2,t=2b,r=12$KMpSe2Tn4BbjL03bzDTChe$gFGowmUkuMq3fNmaTRMP.FsQiO1PeSK","email":"regmicmahesh+hexctf@gmail.com","type":"user","secret":null,"website":"http://localhost","affiliation":null,"country":"NP","bracket":null,"hidden":0,"banned":0,"verified":0,"team_id":20,"created":"2023-07-16T13:46:05.199906","language":null},{"id":32,"oauth_id":null,"name":"madhav","password":"$bcrypt-sha256$v=2,t=2b,r=12$5lkYj3xU8N7.6CC1xgVZKO$CR.WsrcRl5L6CYf2OjmNJsHO5T/7MAm","email":"mpc5.chaurasiya@gmail.com","type":"user","secret":null,"website":null,"affiliation":null,"country":null,"bracket":null,"hidden":0,"banned":0,"verified":0,"team_id":21,"created":"2023-07-17T14:11:56.730361","language":null},{"id":33,"oauth_id":null,"name":"Bigyan Dahal","password":"$bcrypt-sha256$v=2,t=2b,r=12$JKPYDTsgQIb2h6bFe8INve$Z5U9O9kwB0aRc8xpElfSir53xb4Xowe","email":"mebigyan01@gmail.com","type":"user","secret":null,"website":"https://bigyandahal.com","affiliation":null,"country":"NP","bracket":null,"hidden":0,"banned":0,"verified":0,"team_id":22,"created":"2023-07-17T15:34:53.296738","language":null},{"id":34,"oauth_id":null,"name":"Sunil Ranabhat","password":"$bcrypt-sha256$v=2,t=2b,r=12$nvNm4Suclu/xBhZxBmJ.DO$7JKBjk0g83RtQeYuQDn6C5F5G.Qn9Yy","email":"mrsunilranabhat@gmail.com","type":"user","secret":null,"website":null,"affiliation":null,"country":null,"bracket":null,"hidden":0,"banned":0,"verified":0,"team_id":22,"created":"2023-07-17T15:40:43.145572","language":null},{"id":35,"oauth_id":null,"name":"Deekshit Bhattarai","password":"$bcrypt-sha256$v=2,t=2b,r=12$zp.xhUshOdIKJ5bT2scsIe$gRzxBasq0D8i1W6CyvsjFHXdkzJDqVq","email":"deekshit.bti@gmail.com","type":"user","secret":null,"website":null,"affiliation":null,"country":null,"bracket":null,"hidden":0,"banned":0,"verified":0,"team_id":22,"created":"2023-07-17T15:41:05.222771","language":null},{"id":36,"oauth_id":null,"name":"Bishal Aryal","password":"$bcrypt-sha256$v=2,t=2b,r=12$lDdlAyianIXBexsUhKJynO$vR2C0bqwHZQD0C0EXb3ibXoX3JY9Foe","email":"bishal.dmarketer@gmail.com","type":"user","secret":null,"website":null,"affiliation":null,"country":null,"bracket":null,"hidden":0,"banned":0,"verified":0,"team_id":23,"created":"2023-07-18T03:20:34.342164","language":null},{"id":37,"oauth_id":null,"name":"Aarya Shree Chapagain","password":"$bcrypt-sha256$v=2,t=2b,r=12$f6BxqxsbA51W0OznaD2D3O$NP2zZ/Gl9fSuoDOEOl3JBm6z4vYHTo2","email":"caaryashree@gmail.com","type":"user","secret":null,"website":null,"affiliation":null,"country":null,"bracket":null,"hidden":0,"banned":0,"verified":0,"team_id":24,"created":"2023-07-18T04:23:49.065872","language":null},{"id":38,"oauth_id":null,"name":"Sushmita","password":"$bcrypt-sha256$v=2,t=2b,r=12$7D1YQJI43xqMFlea4MssYO$QChxQ7vAyQokV.5Dww/0vAruSbRGFMG","email":"210064@softwarica.edu.np","type":"user","secret":null,"website":null,"affiliation":null,"country":null,"bracket":null,"hidden":0,"banned":0,"verified":0,"team_id":25,"created":"2023-07-18T04:24:54.359248","language":null},{"id":39,"oauth_id":null,"name":"Shaswat Singh Acharya","password":"$bcrypt-sha256$v=2,t=2b,r=12$UiuKWswY7vtxP4IJKwEG4.$khSRAGi6ybHeBFwG/pQQTuwlG.iFnDC","email":"shaswatn05@gmail.com","type":"user","secret":null,"website":null,"affiliation":null,"country":null,"bracket":null,"hidden":0,"banned":0,"verified":0,"team_id":25,"created":"2023-07-18T04:46:03.077724","language":null},{"id":40,"oauth_id":null,"name":"niraj","password":"$bcrypt-sha256$v=2,t=2b,r=12$.SlIhPJS1JSsnQPB32yXhO$9XbNs1bmWYFQ3VN45UvQ2mB/1fBLo2G","email":"khatiwadan@uni.coventry.ac.uk","type":"user","secret":null,"website":null,"affiliation":null,"country":null,"bracket":null,"hidden":0,"banned":0,"verified":0,"team_id":25,"created":"2023-07-18T05:08:56.671778","language":null},{"id":41,"oauth_id":null,"name":"R0h8n","password":"$bcrypt-sha256$v=2,t=2b,r=12$DXAWomGJKX6S56r9GI09R.$e4lVzyHC2QIungE7vI8haTdQzQuxYpC","email":"pudasainirohan4@gmail.com","type":"user","secret":null,"website":"https://rohanpudasaini.com.np","affiliation":null,"country":"NP","bracket":null,"hidden":0,"banned":0,"verified":0,"team_id":27,"created":"2023-07-18T06:34:49.811209","language":null},{"id":42,"oauth_id":null,"name":"075-BCT","password":"$bcrypt-sha256$v=2,t=2b,r=12$jrXjsPuWlIhEeq0rAVaIY.$WDmshertNNDrDYno.tD7QDTrATNvQk.","email":"aashutoshking1@gmail.com","type":"user","secret":null,"website":null,"affiliation":null,"country":null,"bracket":null,"hidden":0,"banned":0,"verified":0,"team_id":null,"created":"2023-07-18T07:19:21.957310","language":null},{"id":43,"oauth_id":null,"name":"Sulav Upadhyaya","password":"$bcrypt-sha256$v=2,t=2b,r=12$mCRd9JSpFNliK6EmUYHILe$5Cc.lgi8usF7wUv0ggP19sBg7fGuo8e","email":"upadhyayasulav2001@gmail.com","type":"user","secret":null,"website":null,"affiliation":null,"country":null,"bracket":null,"hidden":0,"banned":0,"verified":0,"team_id":27,"created":"2023-07-18T07:21:27.048503","language":null},{"id":44,"oauth_id":null,"name":"Aashutosh Parajuli","password":"$bcrypt-sha256$v=2,t=2b,r=12$MRuvGE5zxXzNnOuNyt24vO$6mtptQhbduEuJopQGrVhh55VEnkabv.","email":"aashutoshking12@gmail.com","type":"user","secret":null,"website":null,"affiliation":null,"country":null,"bracket":null,"hidden":0,"banned":0,"verified":0,"team_id":28,"created":"2023-07-18T07:21:35.483844","language":null},{"id":45,"oauth_id":null,"name":"Diwash Mainali","password":"$bcrypt-sha256$v=2,t=2b,r=12$42VujLI6XWPzRQmEeB.hE.$W8c10M5MKCT/x/8Z6SQinkdWTnuheq.","email":"diwashm.189@gmail.com","type":"user","secret":null,"website":null,"affiliation":null,"country":null,"bracket":null,"hidden":0,"banned":0,"verified":0,"team_id":33,"created":"2023-07-18T07:35:20.296454","language":null},{"id":46,"oauth_id":null,"name":"shivharimainali","password":"$bcrypt-sha256$v=2,t=2b,r=12$.RmHJo0Ki76jw2ftM7PCsO$Rajry3BaCUZt0hmuAixMJLq1gNMc4LO","email":"shivharimainali@yahoo.com","type":"user","secret":null,"website":null,"affiliation":null,"country":null,"bracket":null,"hidden":0,"banned":0,"verified":0,"team_id":39,"created":"2023-07-18T07:38:12.285691","language":null},{"id":47,"oauth_id":null,"name":"bct-075","password":"$bcrypt-sha256$v=2,t=2b,r=12$TuonSXh9BRCNBDS6D2D0mO$.04yQcMwaLSbf9YPq/n2mwr4nJtXMka","email":"riwashneupane@gmail.com","type":"user","secret":null,"website":null,"affiliation":null,"country":null,"bracket":null,"hidden":0,"banned":0,"verified":0,"team_id":28,"created":"2023-07-18T07:39:11.359347","language":null},{"id":48,"oauth_id":null,"name":"Anish","password":"$bcrypt-sha256$v=2,t=2b,r=12$mOtAGv9jSSAbAE/YM9VBxu$bmJnSwPEsjdM9mdYRCVpVt8xugna0oS","email":"connect.anishbhattarai@gmial.com","type":"user","secret":null,"website":null,"affiliation":null,"country":null,"bracket":null,"hidden":0,"banned":0,"verified":0,"team_id":30,"created":"2023-07-18T07:39:20.393590","language":null},{"id":49,"oauth_id":null,"name":"Prashant Shrestha","password":"$bcrypt-sha256$v=2,t=2b,r=12$3lg/5wce0yBd1JN2lkymle$Gli5KEr5lLEimDt5kKd5J851tU6bz9O","email":"prashant.stha246810@gmail.com","type":"user","secret":null,"website":null,"affiliation":null,"country":null,"bracket":null,"hidden":0,"banned":0,"verified":0,"team_id":23,"created":"2023-07-18T07:41:23.009958","language":null},{"id":50,"oauth_id":null,"name":"anish shahi","password":"$bcrypt-sha256$v=2,t=2b,r=12$erE5T1nObkI7ydB4oH34f.$wgtxEwOCquhWhX0lr0OF7SueyJS.joG","email":"anishshahi2061@gmail.com","type":"user","secret":null,"website":null,"affiliation":null,"country":"NP","bracket":null,"hidden":0,"banned":0,"verified":0,"team_id":38,"created":"2023-07-18T08:28:30.929647","language":null},{"id":51,"oauth_id":null,"name":"veshraj","password":"$bcrypt-sha256$v=2,t=2b,r=12$Y5G5TcPpkXgU8WNz7fzNKO$gkwyUvsTxyL.DBDUMkzEBmB3E1j3SCW","email":"veshraj77@gmail.com","type":"user","secret":null,"website":null,"affiliation":null,"country":null,"bracket":null,"hidden":0,"banned":0,"verified":0,"team_id":39,"created":"2023-07-18T09:10:29.591059","language":null},{"id":52,"oauth_id":null,"name":"SrijanAdk","password":"$bcrypt-sha256$v=2,t=2b,r=12$5agY1lmGx3Rkk/26DHflH.$wRcFUJL0yP7gRQ2kSlDT6VnsZXs1Y.S","email":"srijanadk2020@gmail.com","type":"user","secret":null,"website":null,"affiliation":null,"country":null,"bracket":null,"hidden":0,"banned":0,"verified":0,"team_id":39,"created":"2023-07-18T09:15:42.664558","language":null},{"id":53,"oauth_id":null,"name":"Keshab Nepali","password":"$bcrypt-sha256$v=2,t=2b,r=12$X6ZO9O.PZL4bTqs8mpZlkO$2rcZh/OOgIZtxoSe7FzpaYsFbG7w8gm","email":"hark3ee@gmail.com","type":"user","secret":null,"website":null,"affiliation":null,"country":null,"bracket":null,"hidden":0,"banned":0,"verified":0,"team_id":30,"created":"2023-07-18T09:35:55.319991","language":null},{"id":54,"oauth_id":null,"name":"Aditya Acharya","password":"$bcrypt-sha256$v=2,t=2b,r=12$dsCqyUDF3g.fAap/tRP09u$tOZBzxAm9270gBW2YffPDOsqJMXk7ZO","email":"190164@softwarica.edu.np","type":"user","secret":null,"website":null,"affiliation":null,"country":null,"bracket":null,"hidden":0,"banned":0,"verified":0,"team_id":25,"created":"2023-07-18T09:45:30.682811","language":null},{"id":55,"oauth_id":null,"name":"sank","password":"$bcrypt-sha256$v=2,t=2b,r=12$pfwAeYxwDi7IxAwpRnCxme$sjCRvu3M/YMTJ6To9vMBDfh4A2eQrL6","email":"bugtester010@gmail.com","type":"user","secret":null,"website":null,"affiliation":null,"country":null,"bracket":null,"hidden":0,"banned":0,"verified":0,"team_id":21,"created":"2023-07-18T10:04:50.666100","language":null},{"id":56,"oauth_id":null,"name":"Sahil","password":"$bcrypt-sha256$v=2,t=2b,r=12$xJHs.RNSfJwWZc0Z.8Vuiu$A/ni4P/sa/lqjMZ4dkVOfnGymDpsTEe","email":"sahiloj5@gmail.com","type":"user","secret":null,"website":null,"affiliation":null,"country":null,"bracket":null,"hidden":0,"banned":0,"verified":0,"team_id":21,"created":"2023-07-18T10:04:56.053936","language":null},{"id":59,"oauth_id":null,"name":"Shyam Bholan","password":"$bcrypt-sha256$v=2,t=2b,r=12$JZU8WcpSqVuMLk6eBgyit.$bvOsCVWokXzciMstSS88/txCknOWhii","email":"blonshyam560@gmail.com","type":"user","secret":null,"website":null,"affiliation":null,"country":null,"bracket":null,"hidden":0,"banned":0,"verified":0,"team_id":33,"created":"2023-07-18T12:06:42.973413","language":null},{"id":60,"oauth_id":null,"name":"Rikesh maharjan","password":"$bcrypt-sha256$v=2,t=2b,r=12$F07AJS4xbPo/sq23qDuxEO$qgJSJOUDk8ewGKA/PsyIp5RiPVmoJxC","email":"rikeshmhj9@gmail.com","type":"user","secret":null,"website":null,"affiliation":null,"country":null,"bracket":null,"hidden":0,"banned":0,"verified":0,"team_id":33,"created":"2023-07-18T13:09:07.125126","language":null},{"id":61,"oauth_id":null,"name":"utsab","password":"$bcrypt-sha256$v=2,t=2b,r=12$Z1NeMPTRv7huLSa1C84FPu$ZoZfrtdRuwT7NL98C8xArySW9Mp89CK","email":"adhikariutshav999@gmail.com","type":"user","secret":null,"website":null,"affiliation":null,"country":null,"bracket":null,"hidden":0,"banned":0,"verified":0,"team_id":30,"created":"2023-07-18T13:21:16.018011","language":null},{"id":62,"oauth_id":null,"name":"bhismarajtimsina","password":"$bcrypt-sha256$v=2,t=2b,r=12$1/84ZOszxJBBKgU6izQJ8O$xMNT.FoarMzPB7.2SyfNHU8IznlRFNq","email":"krishnatimsina63@gmail.com","type":"user","secret":null,"website":null,"affiliation":null,"country":null,"bracket":null,"hidden":0,"banned":0,"verified":0,"team_id":34,"created":"2023-07-18T13:34:30.313394","language":null},{"id":63,"oauth_id":null,"name":"Ashish Sapkota","password":"$bcrypt-sha256$v=2,t=2b,r=12$2QD6epivBs6oWDmBdG9UGe$1ToYaysQSUIvLKqH3lxFQKh9NC.eTjC","email":"220010@softwarica.edu.np","type":"user","secret":null,"website":null,"affiliation":null,"country":null,"bracket":null,"hidden":0,"banned":0,"verified":0,"team_id":34,"created":"2023-07-18T13:40:15.163312","language":null},{"id":64,"oauth_id":null,"name":"aayush0123","password":"$bcrypt-sha256$v=2,t=2b,r=12$HCvF65Wl756VEd5VTs2hQ.$ShQKdWwxjdn3AVZS.RZpQSQqY1gUTtG","email":"aayushtiruwa120@gmail.com","type":"user","secret":null,"website":null,"affiliation":null,"country":null,"bracket":null,"hidden":0,"banned":0,"verified":0,"team_id":34,"created":"2023-07-18T13:44:30.290750","language":null},{"id":65,"oauth_id":null,"name":"Shashwat Pandey","password":"$bcrypt-sha256$v=2,t=2b,r=12$eriECHmjJfHBLG1nhEDpke$etQugqugBNANrMvBvKCJCLy0VneswLC","email":"ssp3193@gmail.com","type":"user","secret":null,"website":null,"affiliation":null,"country":"NP","bracket":null,"hidden":0,"banned":0,"verified":0,"team_id":34,"created":"2023-07-18T13:46:32.389701","language":null},{"id":66,"oauth_id":null,"name":"KHUSHI RAM B.K.","password":"$bcrypt-sha256$v=2,t=2b,r=12$CvuD/zqgffxaBthe5H.ej.$JDGCMLH7Gflh/O8y96Xx.nE2YlPaLCW","email":"jooybk@gmail.com","type":"user","secret":null,"website":null,"affiliation":null,"country":"NP","bracket":null,"hidden":0,"banned":0,"verified":0,"team_id":35,"created":"2023-07-18T14:13:54.622216","language":null},{"id":67,"oauth_id":null,"name":"nepalaastuk","password":"$bcrypt-sha256$v=2,t=2b,r=12$cCV7.J27kM3RCvHyt1BtUO$dnuYKz1V7Us7cLxSrpJ0s8yBWRgt1Mq","email":"aasthuk.5@gmail.com","type":"user","secret":null,"website":null,"affiliation":null,"country":null,"bracket":null,"hidden":0,"banned":0,"verified":0,"team_id":27,"created":"2023-07-18T15:13:04.825113","language":null},{"id":68,"oauth_id":null,"name":"Amritanshu Ghimire","password":"$bcrypt-sha256$v=2,t=2b,r=12$Sf2Pw6p7eOGr6105RAGdJe$XAToQHvxc3byiS1Be2KDSuxEqHxyWhu","email":"amrutanshuou56@gmail.com","type":"user","secret":null,"website":null,"affiliation":null,"country":"NP","bracket":null,"hidden":0,"banned":0,"verified":0,"team_id":35,"created":"2023-07-18T16:06:09.716445","language":null},{"id":69,"oauth_id":null,"name":"Dhurba Tharu","password":"$bcrypt-sha256$v=2,t=2b,r=12$jh7NXuzHvJ6VzFgQ5zxZS.$VSFPvZ1AvI4HAygm4aEeaRYrghQbbRq","email":"sagunlucky72@gmail.com","type":"user","secret":null,"website":null,"affiliation":null,"country":"NP","bracket":null,"hidden":0,"banned":0,"verified":0,"team_id":35,"created":"2023-07-18T16:18:34.167910","language":null},{"id":70,"oauth_id":null,"name":"Sanish Munikar","password":"$bcrypt-sha256$v=2,t=2b,r=12$vHifBqrHhTE0Fj51UnfJNu$6A3z915b9s.av1aFlPn6qLeR0UXxFiu","email":"rocksans87@gmail.com","type":"user","secret":null,"website":null,"affiliation":null,"country":null,"bracket":null,"hidden":0,"banned":0,"verified":0,"team_id":35,"created":"2023-07-18T16:19:58.150773","language":null},{"id":71,"oauth_id":null,"name":"Biplov","password":"$bcrypt-sha256$v=2,t=2b,r=12$FBgiJZkQEok6eqDMdK49hO$9M5kuWSqUdlLQYL.CZXz5wXaSta/cfW","email":"biplovbelbase30@gmail.com","type":"user","secret":null,"website":null,"affiliation":null,"country":null,"bracket":null,"hidden":0,"banned":0,"verified":0,"team_id":36,"created":"2023-07-19T01:33:09.708470","language":null},{"id":72,"oauth_id":null,"name":"Ankit","password":"$bcrypt-sha256$v=2,t=2b,r=12$gVYpf8ZuQAFDp2F5jghoEu$db3cjsF2mwTbhEa2olReUxpMh5cHXVK","email":"chhetriankit55@gmail.com","type":"user","secret":null,"website":null,"affiliation":null,"country":null,"bracket":null,"hidden":0,"banned":0,"verified":0,"team_id":36,"created":"2023-07-19T01:37:45.029734","language":null},{"id":73,"oauth_id":null,"name":"Bhaskar","password":"$bcrypt-sha256$v=2,t=2b,r=12$2TAIpzs6jjs7G9h.MsD1Ne$TOhG62xfiOmUmNQ.6C0P4f0L3JiFqXm","email":"bhashkarsubedi@gmail.com","type":"user","secret":null,"website":null,"affiliation":null,"country":null,"bracket":null,"hidden":0,"banned":0,"verified":0,"team_id":36,"created":"2023-07-19T01:42:39.893769","language":null},{"id":74,"oauth_id":null,"name":"Ayush Tamrakar","password":"$bcrypt-sha256$v=2,t=2b,r=12$BbvEzl0G3RbmVJuH7.l9Je$s8XQ7A1wB6SvlDXFHhh6DDo4SRuqC12","email":"ayush.tamrakar.90@gmail.com","type":"user","secret":null,"website":null,"affiliation":null,"country":null,"bracket":null,"hidden":0,"banned":0,"verified":0,"team_id":37,"created":"2023-07-19T02:57:24.210484","language":null},{"id":75,"oauth_id":null,"name":"Romiyo karki","password":"$bcrypt-sha256$v=2,t=2b,r=12$PVYj0TJ1JxehNCWCdbRX4.$sBKdDTv2e8Quq2pwv9ih4cpr8CZ1hZq","email":"romeokarki24@gmail.com","type":"user","secret":null,"website":null,"affiliation":null,"country":null,"bracket":null,"hidden":0,"banned":0,"verified":0,"team_id":23,"created":"2023-07-19T04:46:03.868218","language":null},{"id":76,"oauth_id":null,"name":"surajpathak","password":"$bcrypt-sha256$v=2,t=2b,r=12$b3xEMdJb0rN2L/IpSX8AZu$1V.Xe1MKsmies8J1kbryETNUByOeiHe","email":"surajintheframe@gmail.com","type":"user","secret":null,"website":null,"affiliation":null,"country":null,"bracket":null,"hidden":0,"banned":0,"verified":0,"team_id":null,"created":"2023-07-19T06:38:10.910845","language":null},{"id":77,"oauth_id":null,"name":"Hemant Joshi","password":"$bcrypt-sha256$v=2,t=2b,r=12$u1veGYukJPV/4Ep13J/GdO$zIKh6GWCmv.Mvn4aGumGoAPnSnYINy2","email":"joshi989hemant@gmail.com","type":"user","secret":null,"website":null,"affiliation":null,"country":null,"bracket":null,"hidden":0,"banned":0,"verified":0,"team_id":null,"created":"2023-07-19T07:19:07.229885","language":null},{"id":78,"oauth_id":null,"name":"Ashim","password":"$bcrypt-sha256$v=2,t=2b,r=12$6lcVwktnDuJKWKXkeiGKN.$clbe/II3fYJthCh59iBpZngAm1PqaVG","email":"ashimqwe1@gmail.com","type":"user","secret":null,"website":null,"affiliation":null,"country":null,"bracket":null,"hidden":0,"banned":0,"verified":0,"team_id":39,"created":"2023-07-19T08:33:25.501229","language":null},{"id":80,"oauth_id":null,"name":"[object Object]","password":"$bcrypt-sha256$v=2,t=2b,r=12$/IGMKkeE.eazKjWdmuZYlu$WHS3z3qjHZpJIBi.49My1RhtUthftk.","email":"shahaayush999@gmail.com","type":"user","secret":null,"website":null,"affiliation":null,"country":null,"bracket":null,"hidden":0,"banned":0,"verified":0,"team_id":41,"created":"2023-07-19T10:49:15.470582","language":null},{"id":81,"oauth_id":null,"name":"Dipesh Budhathoki","password":"$bcrypt-sha256$v=2,t=2b,r=12$itqfD9a3F7qSs1mAsqcjtO$AIEYQsTvOPJcVCQZ1x72coxBPtr/e7W","email":"aayushbudhathoki543@gmail.com","type":"user","secret":null,"website":null,"affiliation":null,"country":null,"bracket":null,"hidden":0,"banned":0,"verified":0,"team_id":30,"created":"2023-07-19T11:12:00.012996","language":null},{"id":82,"oauth_id":null,"name":"Sandeep","password":"$bcrypt-sha256$v=2,t=2b,r=12$nah6Mx0/th6U13aKf3PSeu$p7OvE1A/m6WsmlBxxCqbqaKQiMNQFni","email":"joshisandip111@gmail.com","type":"user","secret":null,"website":null,"affiliation":null,"country":null,"bracket":null,"hidden":0,"banned":0,"verified":0,"team_id":42,"created":"2023-07-19T11:15:44.088907","language":null},{"id":83,"oauth_id":null,"name":"NikuHacks","password":"$bcrypt-sha256$v=2,t=2b,r=12$VgHIwWkBabAWY6.17Rqy1e$6XhBhk652PIoNrn1OO0h4X2TOz/9l1K","email":"upretynikesh021@gmail.com","type":"user","secret":null,"website":null,"affiliation":null,"country":"NP","bracket":null,"hidden":0,"banned":0,"verified":0,"team_id":43,"created":"2023-07-19T11:17:03.245698","language":null},{"id":84,"oauth_id":null,"name":"test","password":"$bcrypt-sha256$v=2,t=2b,r=12$nX2ZP6UoVFAKe/uR.BONf.$GnRW.7CYPqdaTT0FeFRrDJM0opCubWe","email":"test@gmail.com","type":"user","secret":null,"website":null,"affiliation":null,"country":null,"bracket":null,"hidden":0,"banned":0,"verified":0,"team_id":44,"created":"2023-07-19T11:57:35.111640","language":null},{"id":85,"oauth_id":null,"name":"aayush22","password":"$bcrypt-sha256$v=2,t=2b,r=12$1bpnSOliAL9RAZCzUCkWz.$zyOrzP7znZPpRLMclVeITJ4jcmHyrU6","email":"aayushbasnet2002@gmail.com","type":"user","secret":null,"website":null,"affiliation":null,"country":null,"bracket":null,"hidden":0,"banned":0,"verified":0,"team_id":36,"created":"2023-07-19T13:28:06.305715","language":null},{"id":86,"oauth_id":null,"name":"Niwesh Waiba","password":"$bcrypt-sha256$v=2,t=2b,r=12$NqFwj7zH9fbSan9OJQkVqe$baUWcChOhMxizutGwMOVlJDr1f3SL/q","email":"niweshwaiba@gmail.com","type":"user","secret":null,"website":null,"affiliation":null,"country":null,"bracket":null,"hidden":0,"banned":0,"verified":0,"team_id":45,"created":"2023-07-19T15:40:29.049226","language":null},{"id":87,"oauth_id":null,"name":"sad","password":"$bcrypt-sha256$v=2,t=2b,r=12$BUU8HyfGTWPzCmex0XzQPe$1Vn8xdD3VXIq9.IFfoEGs6OzEszL44u","email":"glwvwy@valanides.com","type":"user","secret":null,"website":null,"affiliation":null,"country":null,"bracket":null,"hidden":0,"banned":0,"verified":0,"team_id":46,"created":"2023-07-19T17:00:01.927275","language":null},{"id":88,"oauth_id":null,"name":"man","password":"$bcrypt-sha256$v=2,t=2b,r=12$L8aG33.YuNZglaLY2uvMru$aBOsqBiSz8ym5Rf/cutsbgVSvfk64M6","email":"dixovef213@rc3s.com","type":"user","secret":null,"website":null,"affiliation":null,"country":null,"bracket":null,"hidden":0,"banned":0,"verified":0,"team_id":47,"created":"2023-07-20T04:04:00.720247","language":null},{"id":89,"oauth_id":null,"name":"xpx","password":"$bcrypt-sha256$v=2,t=2b,r=12$RQurnPZzZd3xyVf8PqxhZu$8c3kEHvCUsbwjbloORVReNOqJzKXSl6","email":"xpx@wearehackerone.com","type":"user","secret":null,"website":null,"affiliation":null,"country":null,"bracket":null,"hidden":0,"banned":0,"verified":0,"team_id":null,"created":"2023-07-20T04:35:22.889828","language":null},{"id":90,"oauth_id":null,"name":"Sunil","password":"$bcrypt-sha256$v=2,t=2b,r=12$pXISJ1rUwYwSx0tLaTJROe$cM3wUJolZPjbp4gHgNLxRa.OegimEmi","email":"sc72811827@gmail.com","type":"user","secret":null,"website":null,"affiliation":null,"country":null,"bracket":null,"hidden":0,"banned":0,"verified":0,"team_id":48,"created":"2023-07-20T05:04:17.709493","language":null},{"id":91,"oauth_id":null,"name":"pie208","password":"$bcrypt-sha256$v=2,t=2b,r=12$utbldo8Qa4YVob2mVRI8pu$i61JQBiErQbxTwvoUeA4wy0gH3P3ZGi","email":"harib2816+hexctf@gmail.com","type":"user","secret":null,"website":null,"affiliation":null,"country":null,"bracket":null,"hidden":0,"banned":0,"verified":0,"team_id":49,"created":"2023-07-20T05:39:37.883088","language":null},{"id":92,"oauth_id":null,"name":"is0pp","password":"$bcrypt-sha256$v=2,t=2b,r=12$tJZ3zwawMALuqdiUWQTnB.$hkReXzal3z2NxpenfRxCPWEF7XZnOWq","email":"imppkali0020@gmail.com","type":"user","secret":null,"website":null,"affiliation":null,"country":null,"bracket":null,"hidden":0,"banned":0,"verified":0,"team_id":50,"created":"2023-07-20T07:05:34.220877","language":null},{"id":93,"oauth_id":null,"name":"DangerX69","password":"$bcrypt-sha256$v=2,t=2b,r=12$hUuiQp6p1tV0vltT06ByNO$BtkvIzh04Ww.nzPxgY0YbVpVIhzxf8y","email":"biswashkhanal67@gmail.com","type":"user","secret":null,"website":null,"affiliation":null,"country":null,"bracket":null,"hidden":0,"banned":0,"verified":0,"team_id":51,"created":"2023-07-20T07:39:28.049820","language":null},{"id":94,"oauth_id":null,"name":"okman","password":"$bcrypt-sha256$v=2,t=2b,r=12$M7kAgQQZh1Fu1PSbSYx70e$5laklWr0WuMpRnLzy4hJIWx6OiyowNG","email":"yrzhbuunpepu@exelica.com","type":"user","secret":null,"website":null,"affiliation":null,"country":null,"bracket":null,"hidden":0,"banned":0,"verified":0,"team_id":52,"created":"2023-07-20T08:53:17.145774","language":null},{"id":95,"oauth_id":null,"name":"hii","password":"$bcrypt-sha256$v=2,t=2b,r=12$9LG5HUTJrk7SYZfZxUVoD.$QBVd2GlQhMpVMm7y2IxcUjJ9pv0jgaq","email":"izhojokswk@exelica.com","type":"user","secret":null,"website":null,"affiliation":null,"country":null,"bracket":null,"hidden":0,"banned":0,"verified":0,"team_id":53,"created":"2023-07-20T11:35:44.295765","language":null},{"id":96,"oauth_id":null,"name":"S4NK4LP4_B4R41","password":"$bcrypt-sha256$v=2,t=2b,r=12$VSY4fYD4ATfsnrHfrEFSH.$kEpXSrpf4WGa9g0B5geYLnixICFdM2O","email":"sankalpa1337@gmail.com","type":"user","secret":null,"website":null,"affiliation":null,"country":null,"bracket":null,"hidden":0,"banned":0,"verified":0,"team_id":54,"created":"2023-07-20T13:20:31.985536","language":null},{"id":97,"oauth_id":null,"name":"hello","password":"$bcrypt-sha256$v=2,t=2b,r=12$bauyIOJ1UQkGh9T.U1XTzu$SHk1ideWW1AbPQI4AXxqAD48fp9lI2i","email":"gotameniraj@gmail.com","type":"user","secret":null,"website":null,"affiliation":null,"country":null,"bracket":null,"hidden":0,"banned":0,"verified":0,"team_id":55,"created":"2023-07-20T14:41:28.834585","language":null},{"id":98,"oauth_id":null,"name":"Apple","password":"$bcrypt-sha256$v=2,t=2b,r=12$c6vWtMFsMZ7SjrFwRFjis.$3TMyqB2PTNSvVsmh824ARF1/Npa4T0m","email":"apple@gmail.com","type":"user","secret":null,"website":null,"affiliation":null,"country":null,"bracket":null,"hidden":0,"banned":0,"verified":0,"team_id":null,"created":"2023-07-20T16:06:45.884806","language":null},{"id":99,"oauth_id":null,"name":"Ayush Bajgai","password":"$bcrypt-sha256$v=2,t=2b,r=12$Nr2v2GK2e7X.n3zRvNGTMO$yYhzCL6DyTWZDcpOSE3icDuJT6LQah2","email":"bayush18@tbc.edu.np","type":"user","secret":null,"website":null,"affiliation":null,"country":null,"bracket":null,"hidden":0,"banned":0,"verified":0,"team_id":27,"created":"2023-07-20T16:28:41.590500","language":null},{"id":100,"oauth_id":null,"name":"Almighty truth","password":"$bcrypt-sha256$v=2,t=2b,r=12$OS7RGHfJ1e7I2XJwgdHLte$pnn8VYZQflwNaEk2bfzghiFWzahrJZq","email":"kgambit943@gmail.com","type":"user","secret":null,"website":null,"affiliation":null,"country":null,"bracket":null,"hidden":0,"banned":0,"verified":0,"team_id":null,"created":"2023-07-20T20:43:04.408513","language":null},{"id":101,"oauth_id":null,"name":"metaphor","password":"$bcrypt-sha256$v=2,t=2b,r=12$bMZlwOqrUQs1r4Q7cmB1Ne$wl6kuzySFMOnJ9pasTCx8BXQThgDhFa","email":"meta@gmai.com","type":"user","secret":null,"website":null,"affiliation":null,"country":null,"bracket":null,"hidden":0,"banned":0,"verified":0,"team_id":null,"created":"2023-07-21T00:39:06.937074","language":null},{"id":102,"oauth_id":null,"name":"ransom","password":"$bcrypt-sha256$v=2,t=2b,r=12$40bU9qay4P9/Di7A.Ty80u$AAMR7dy07FZKLJwpdzgIHqmH.b9is26","email":"ransom@yopmail.com","type":"user","secret":null,"website":null,"affiliation":null,"country":null,"bracket":null,"hidden":0,"banned":0,"verified":0,"team_id":null,"created":"2023-07-22T02:36:04.921469","language":null},{"id":103,"oauth_id":null,"name":"jhgcxh","password":"$bcrypt-sha256$v=2,t=2b,r=12$T3MNF4QMedZmGevqNZab.e$1/uCGzrBpgJ.cMtbMgRgi3hx0Ol8Bdm","email":"mirela7663@nmaller.com","type":"user","secret":null,"website":null,"affiliation":null,"country":null,"bracket":null,"hidden":0,"banned":0,"verified":0,"team_id":null,"created":"2023-07-22T15:31:56.399979","language":null}],"meta":{}}